time,x,y,z,speed,vx_local,vy_local,omega_z,steering,throttle,braking,collisions,near_misses,nearest_clearance_m
0.000000,0.055994,0.000000,1.713326,-0.008781,-0.002031,0.000002,-0.000008,0.000000,0.000000,0.000000,0,0,31.999950
0.102000,0.055424,0.000000,1.677833,-0.000097,-0.000766,-0.000022,0.000360,0.000000,0.071707,0.000000,0,0,32.000516
0.204000,0.055295,0.000002,1.522611,0.000531,-0.000020,0.000127,0.000375,0.000000,0.140227,0.000000,0,0,32.000645
0.306000,0.055219,0.000015,1.263977,0.000584,0.000248,0.000892,0.000426,0.000000,0.242736,0.000000,0,0,32.000719
0.408000,0.055175,0.000052,0.902700,0.000439,0.000203,0.003744,0.000451,0.000000,0.368249,0.000000,0,0,32.000758
0.510000,0.057823,-0.000145,0.535741,0.029433,0.070102,-0.002771,0.012298,0.000000,0.525940,0.000000,0,0,31.998148
0.612000,0.059587,-0.000535,0.544802,-0.051772,-0.088470,-0.009774,0.003340,0.000000,0.673835,0.000000,0,0,31.996438
0.714000,0.052605,-0.001084,0.650071,-0.022364,-0.043033,-0.007002,-0.001657,0.000000,0.779890,0.000000,0,0,32.003439
0.816000,0.050337,-0.001735,0.659804,0.035354,0.037228,-0.013945,0.013348,0.000000,0.858625,0.000000,0,0,32.005764
0.918000,0.074171,-0.004574,0.625304,0.465664,0.460174,-0.052689,0.018490,0.000000,0.904618,0.000000,0,0,31.982390
1.020000,0.139193,-0.005706,0.628103,0.802574,0.801420,0.008101,0.005375,0.000000,0.938737,0.000000,0,0,31.917891
1.122000,0.238020,-0.002999,0.661390,1.129628,1.123910,0.024532,0.025409,0.000000,0.960651,0.000000,0,0,31.819374
1.224000,0.366976,0.002076,0.696811,1.411332,1.408345,0.048228,0.012745,0.000000,0.973452,0.000000,0,0,31.690652
1.326000,0.525183,0.009177,0.724519,1.693011,1.691103,0.063127,0.003728,0.000000,0.982949,0.000000,0,0,31.532639
1.428000,0.711456,0.017239,0.739881,1.961688,1.961238,0.066925,0.009721,0.000000,0.988496,0.000000,0,0,31.346632
1.530000,0.925111,0.025124,0.742931,2.218366,2.220820,0.054910,0.019549,0.000000,0.992611,0.000000,0,0,31.133440
1.632000,1.164768,0.031707,0.737775,2.462832,2.468988,0.035352,0.023748,0.000000,0.995015,0.000000,0,0,30.894568
1.734000,1.430101,0.037904,0.730884,2.721473,2.725869,0.030057,0.024336,0.000000,0.996798,0.000000,0,0,30.630244
1.836000,1.721226,0.044716,0.729240,2.972552,2.969707,0.026197,0.020318,0.000000,0.997840,0.000000,0,0,30.340244
1.938000,2.034935,0.052720,0.734967,3.166613,3.171869,0.034733,0.018040,0.000000,0.998612,0.000000,0,0,30.027696
2.040000,2.368542,0.062992,0.741124,3.354499,3.363492,0.048637,0.011096,0.000000,0.999064,0.000000,0,0,29.695145
2.142000,2.720434,0.075353,0.743688,3.525609,3.525814,0.059062,0.014009,0.000000,0.999399,0.000000,0,0,29.344217
2.244000,3.088200,0.088635,0.737612,3.711397,3.682439,0.062003,-0.008906,0.001006,0.999910,0.000000,0,0,28.977443
2.346000,3.468970,0.100390,0.700819,3.791924,3.741133,-0.011026,0.043145,-0.022727,0.959745,0.000000,0,0,28.597970
2.448000,3.850470,0.106123,0.688350,3.700783,3.757963,-0.038546,0.009192,-0.130302,0.928541,0.000000,0,0,28.218534
2.550000,4.238895,0.106762,0.712124,3.838633,3.855543,-0.104830,-0.030031,-0.114441,0.902447,0.000000,0,0,27.832900
2.652000,4.637850,0.103053,0.735269,3.980966,3.965989,-0.110514,-0.045514,-0.096503,0.878986,0.000000,0,0,27.437427
2.754000,5.047903,0.099736,0.736452,4.069314,4.060489,-0.075394,-0.060225,-0.063243,0.843838,0.000000,0,0,27.030991
2.856000,5.466326,0.097263,0.725909,4.133173,4.135010,-0.048129,-0.055896,-0.062771,0.810145,0.000000,0,0,26.616248
2.958000,5.890838,0.094479,0.717476,4.173016,4.180145,-0.044371,-0.061210,-0.088525,0.771380,0.000000,0,0,26.195617
3.060000,6.318413,0.089025,0.714972,4.193744,4.198421,-0.047106,-0.041584,-0.068766,0.719255,0.000000,0,0,25.772419
3.162000,6.746307,0.081059,0.720936,4.196325,4.192920,-0.055005,-0.038782,-0.014183,0.673024,0.000000,0,0,25.349376
3.264000,7.175062,0.072264,0.728693,4.226858,4.217765,-0.042502,-0.003560,0.033653,0.627618,0.000000,0,0,24.925750
3.366000,7.606927,0.065807,0.729816,4.246096,4.246830,-0.008485,0.012403,0.033653,0.593942,0.000000,0,0,24.498886
3.468000,8.040856,0.062602,0.728940,4.249239,4.258594,0.011138,0.019431,0.007910,0.561909,0.000000,0,0,24.069685
3.570000,8.475758,0.061205,0.729372,4.266216,4.267698,0.011648,0.008878,-0.001344,0.536939,0.000000,0,0,23.639419
3.672000,8.911782,0.059840,0.729846,4.284560,4.281209,0.014030,0.020641,0.013064,0.512013,0.000000,0,0,23.208197
3.774000,9.349340,0.058980,0.728780,4.299790,4.294779,0.005623,0.007555,-0.005293,0.491910,0.000000,0,0,22.775551
3.876000,9.788040,0.057152,0.726187,4.308005,4.308200,-0.010933,-0.012700,-0.062097,0.473059,0.000000,0,0,22.342096
3.978000,10.228113,0.053313,0.724143,4.306165,4.316577,-0.024678,-0.032554,-0.065896,0.453048,0.000000,0,0,21.907786
4.080000,10.668007,0.046647,0.725718,4.300760,4.305015,-0.039685,-0.036684,-0.037262,0.419902,0.000000,0,0,21.474312
4.182000,11.106360,0.039483,0.730148,4.301851,4.297586,-0.004201,-0.000049,0.091255,0.397162,0.000000,0,0,21.042682
4.284000,11.545124,0.036083,0.731083,4.313371,4.307862,0.038513,0.039923,0.220189,0.380291,0.000000,0,0,20.610290
4.386000,11.985026,0.039972,0.727489,4.314776,4.314938,0.086713,0.078829,0.139541,0.370437,0.000000,0,0,20.175806
4.488000,12.424471,0.051431,0.722643,4.296100,4.298472,0.138732,0.090110,0.210176,0.363126,0.000000,0,0,19.740704
4.590000,12.861592,0.072633,0.721262,4.273248,4.273212,0.160167,0.076898,0.139581,0.355653,0.009086,0,0,19.306393
4.692000,13.295591,0.097582,0.723459,4.246439,4.248177,0.138568,0.090800,0.116669,0.343996,0.018956,0,0,18.874641
4.794000,13.727791,0.122171,0.726406,4.232962,4.235517,0.079902,0.061815,-0.057817,0.331984,0.027460,0,0,18.444849
4.896000,14.157741,0.141821,0.727234,4.204952,4.200902,0.022309,-0.017831,-0.013341,0.317555,0.034566,0,0,18.018289
4.998000,14.584065,0.159103,0.726182,4.165092,4.169271,0.027621,-0.008090,0.059663,0.307656,0.023103,0,0,17.595894
5.100000,15.007412,0.176576,0.727809,4.145073,4.147624,0.039677,0.051865,0.180192,0.336002,0.015587,0,0,17.176576
5.202000,15.429016,0.199767,0.727149,4.138022,4.132591,0.082073,0.108477,0.202079,0.402364,0.010011,0,0,16.758087
5.304000,15.849061,0.230929,0.726312,4.132784,4.129500,0.113515,0.121974,0.280488,0.480138,0.006754,0,0,16.339772
5.406000,16.269375,0.272348,0.725857,4.146443,4.143965,0.180706,0.123542,0.263987,0.580487,0.004338,0,0,15.919340
5.508000,16.689936,0.326212,0.726730,4.161370,4.162718,0.242682,0.132138,0.311184,0.670482,0.002927,0,0,15.496326
5.610000,17.111890,0.389876,0.726352,4.185157,4.183841,0.260159,0.189619,0.309743,0.759951,0.001880,0,0,15.070070
5.712000,17.534623,0.461626,0.727946,4.208020,4.211665,0.253593,0.159122,0.320294,0.825394,0.001268,0,0,14.641480
5.814000,17.958181,0.539630,0.729512,4.221946,4.222369,0.243543,0.181945,0.301138,0.846548,0.000000,0,0,14.210857
5.916000,18.381687,0.625588,0.730720,4.235660,4.234709,0.239744,0.188951,0.318722,0.900089,0.000000,0,0,13.778716
6.018000,18.804560,0.718819,0.732009,4.245852,4.247752,0.219399,0.162454,0.249188,0.931637,0.000000,0,0,13.345762
6.120000,19.227526,0.816764,0.732997,4.252364,4.253569,0.207872,0.154876,0.258946,0.953300,0.000000,0,0,12.911799
6.222000,19.649440,0.920467,0.734500,4.258575,4.260267,0.184790,0.126371,0.190985,0.978718,0.000151,0,0,12.477756
6.324000,20.070999,1.027731,0.735825,4.265456,4.264478,0.169671,0.120894,0.186840,0.984162,0.000000,0,0,12.043401
6.426000,20.492133,1.138609,0.735549,4.271119,4.270642,0.145127,0.094637,0.137423,0.994339,0.000000,0,0,11.608811
6.528000,20.913090,1.251520,0.734875,4.274123,4.271471,0.134872,0.102051,0.175425,0.997213,0.000000,0,0,11.174069
6.630000,21.333529,1.368343,0.733902,4.280214,4.280122,0.124980,0.088217,0.135371,0.998644,0.000000,0,0,10.739183
6.732000,21.754269,1.487414,0.732282,4.294293,4.293156,0.091962,0.110073,0.008756,0.999523,0.000000,0,0,10.303692
6.834000,22.175630,1.605484,0.730144,4.293061,4.291434,0.040755,0.000964,0.028323,0.998299,0.000012,0,0,9.867899
6.936000,22.597645,1.721280,0.730123,4.291734,4.292851,0.029780,0.009732,0.018225,0.995391,0.000000,0,0,9.432000
7.038000,23.020807,1.835760,0.730296,4.305438,4.302742,0.010221,0.025549,-0.026864,0.981202,0.000000,0,0,8.995333
7.140000,23.445000,1.949488,0.730191,4.307080,4.307703,-0.008716,-0.019911,0.041399,0.953168,0.000000,0,0,8.557919
7.242000,23.869967,2.063821,0.729196,4.324785,4.322059,0.012241,0.006938,0.089704,0.634198,0.000000,0,0,8.119791
7.344000,24.294946,2.182246,0.726820,4.327399,4.330328,0.043016,0.089938,-0.514517,0.814277,0.000000,0,0,7.681164
7.446000,24.719842,2.301642,0.723054,4.311162,4.313391,-0.029420,-0.137076,0.151305,0.947941,0.000000,0,0,7.242707
7.548000,25.146397,2.410861,0.720398,4.314817,4.315496,0.016499,-0.005179,0.149057,0.992980,0.000000,0,0,6.804430
7.650000,25.571696,2.527466,0.721273,4.329126,4.327743,0.044424,0.089326,0.184306,0.996957,0.000000,0,0,6.366528
7.752000,25.996117,2.651203,0.724099,4.344110,4.340807,0.093308,0.103184,0.177808,0.980807,0.000000,0,0,5.928845
7.854000,26.418854,2.784223,0.725625,4.343051,4.346305,0.131993,0.086922,0.311879,0.999920,0.000000,0,0,5.492141
7.956000,26.839594,2.926731,0.723934,4.348334,4.351399,0.185909,0.138888,0.460117,0.985138,0.000000,0,0,5.057098
8.058000,27.256226,3.081667,0.720568,4.349391,4.349048,0.250447,0.205726,0.645974,0.935591,0.000000,0,0,4.626069
8.160000,27.664675,3.251576,0.720044,4.310655,4.309526,0.355574,0.264894,0.605379,0.930834,0.000000,0,0,4.203827
8.262000,28.061994,3.439149,0.724805,4.274365,4.274303,0.408428,0.283159,0.691282,0.917300,0.000000,0,0,3.794642
8.364000,28.448884,3.641914,0.730932,4.243370,4.247656,0.455685,0.324176,0.755290,0.825853,0.000000,0,0,3.400161
8.466000,28.826067,3.858508,0.733086,4.218199,4.223861,0.465474,0.363018,0.910490,0.827203,0.000000,0,0,3.022455
8.568000,29.190487,4.089655,0.733324,4.178646,4.185514,0.510875,0.411299,0.817327,0.864717,0.000000,0,0,2.668167
8.670000,29.540252,4.336505,0.735794,4.148184,4.146164,0.525122,0.421721,0.816808,0.776805,0.000000,0,0,2.344018
8.772000,29.875044,4.597721,0.739947,4.115729,4.117808,0.539492,0.423321,0.776455,0.825831,0.000000,0,0,2.056156
8.874000,30.197160,4.872361,0.743903,4.116645,4.118740,0.522261,0.429919,0.772804,0.850956,0.000000,0,0,1.809098
8.976000,30.508518,5.159291,0.743763,4.120137,4.118900,0.503155,0.436239,0.777100,0.930272,0.000000,0,0,1.608403
9.078000,30.808105,5.457875,0.740708,4.132732,4.132442,0.458885,0.396019,0.556267,0.968635,0.000000,0,0,1.462582
9.180000,31.101450,5.764934,0.738191,4.158590,4.156491,0.367691,0.295262,0.394583,0.998268,0.000000,0,0,1.372075
9.282000,31.392636,6.075757,0.735338,4.172737,4.173298,0.275451,0.191226,0.173667,1.000000,0.000000,0,0,1.335688
9.384000,31.686467,6.384677,0.734441,4.170666,4.167491,0.133561,0.028328,-0.008273,0.999733,0.000000,0,0,1.348149
9.486000,31.987667,6.683156,0.735718,4.142365,4.146613,0.007874,-0.012818,-0.350356,0.997246,0.000000,0,0,1.399389
9.588000,32.296574,6.970193,0.741357,4.123381,4.124144,-0.111081,-0.107516,-0.397166,0.997334,0.000000,0,0,1.485978
9.690000,32.614625,7.245467,0.745550,4.120570,4.120200,-0.191108,-0.153599,-0.424650,0.996629,0.000000,0,0,1.603915
9.792000,32.941473,7.511072,0.742585,4.128870,4.126309,-0.251618,-0.197570,-0.537244,0.984399,0.000000,0,0,1.752199
9.894000,33.278549,7.766113,0.735211,4.155722,4.141965,-0.291296,-0.242296,-0.480772,0.983765,0.000000,0,0,1.926610
9.996000,33.625435,8.011284,0.725809,4.166446,4.159337,-0.341751,-0.249757,-0.565146,0.968479,0.000000,0,0,2.125195
