time,veh_x,veh_y,v_veh,rock_id,rock_x,rock_y,rock_r,dist_2d,hard_margin,near_margin,is_collision,is_near_miss
6.2310,17.1683,0.2912,4.236,4,18.643,3.011,0.597,3.0933,2.097,3.097,0,1
6.2340,17.1809,0.2931,4.237,4,18.643,3.011,0.597,3.0857,2.097,3.097,0,1
6.2370,17.1935,0.2949,4.239,4,18.643,3.011,0.597,3.0781,2.097,3.097,0,1
6.2400,17.2061,0.2968,4.244,4,18.643,3.011,0.597,3.0705,2.097,3.097,0,1
6.2430,17.2187,0.2987,4.243,4,18.643,3.011,0.597,3.0630,2.097,3.097,0,1
6.2460,17.2313,0.3005,4.246,4,18.643,3.011,0.597,3.0555,2.097,3.097,0,1
6.2490,17.2439,0.3024,4.248,4,18.643,3.011,0.597,3.0480,2.097,3.097,0,1
6.2520,17.2565,0.3043,4.249,4,18.643,3.011,0.597,3.0406,2.097,3.097,0,1
6.2550,17.2691,0.3062,4.250,4,18.643,3.011,0.597,3.0331,2.097,3.097,0,1
6.2580,17.2817,0.3081,4.251,4,18.643,3.011,0.597,3.0257,2.097,3.097,0,1
6.2610,17.2943,0.3100,4.253,4,18.643,3.011,0.597,3.0184,2.097,3.097,0,1
6.2640,17.3070,0.3120,4.254,4,18.643,3.011,0.597,3.0110,2.097,3.097,0,1
6.2670,17.3196,0.3139,4.255,4,18.643,3.011,0.597,3.0037,2.097,3.097,0,1
6.2700,17.3322,0.3158,4.256,4,18.643,3.011,0.597,2.9964,2.097,3.097,0,1
6.2730,17.3449,0.3178,4.256,4,18.643,3.011,0.597,2.9892,2.097,3.097,0,1
6.2760,17.3575,0.3197,4.258,4,18.643,3.011,0.597,2.9819,2.097,3.097,0,1
6.2790,17.3701,0.3217,4.260,4,18.643,3.011,0.597,2.9747,2.097,3.097,0,1
6.2820,17.3828,0.3237,4.262,4,18.643,3.011,0.597,2.9676,2.097,3.097,0,1
6.2850,17.3954,0.3256,4.263,4,18.643,3.011,0.597,2.9604,2.097,3.097,0,1
6.2880,17.4081,0.3276,4.263,4,18.643,3.011,0.597,2.9533,2.097,3.097,0,1
6.2910,17.4207,0.3296,4.264,4,18.643,3.011,0.597,2.9462,2.097,3.097,0,1
6.2940,17.4334,0.3316,4.266,4,18.643,3.011,0.597,2.9392,2.097,3.097,0,1
6.2970,17.4460,0.3336,4.267,4,18.643,3.011,0.597,2.9322,2.097,3.097,0,1
6.3000,17.4587,0.3356,4.269,4,18.643,3.011,0.597,2.9252,2.097,3.097,0,1
6.3030,17.4714,0.3377,4.271,4,18.643,3.011,0.597,2.9182,2.097,3.097,0,1
6.3060,17.4841,0.3397,4.274,4,18.643,3.011,0.597,2.9113,2.097,3.097,0,1
6.3090,17.4967,0.3417,4.274,4,18.643,3.011,0.597,2.9044,2.097,3.097,0,1
6.3120,17.5094,0.3438,4.272,4,18.643,3.011,0.597,2.8976,2.097,3.097,0,1
6.3150,17.5221,0.3458,4.274,4,18.643,3.011,0.597,2.8907,2.097,3.097,0,1
6.3180,17.5348,0.3479,4.275,4,18.643,3.011,0.597,2.8840,2.097,3.097,0,1
6.3210,17.5474,0.3499,4.277,4,18.643,3.011,0.597,2.8772,2.097,3.097,0,1
6.3240,17.5601,0.3520,4.279,4,18.643,3.011,0.597,2.8705,2.097,3.097,0,1
6.3270,17.5728,0.3541,4.280,4,18.643,3.011,0.597,2.8638,2.097,3.097,0,1
6.3300,17.5855,0.3562,4.280,4,18.643,3.011,0.597,2.8571,2.097,3.097,0,1
6.3330,17.5982,0.3583,4.281,4,18.643,3.011,0.597,2.8505,2.097,3.097,0,1
6.3360,17.6109,0.3604,4.281,4,18.643,3.011,0.597,2.8439,2.097,3.097,0,1
6.3390,17.6236,0.3626,4.281,4,18.643,3.011,0.597,2.8373,2.097,3.097,0,1
6.3420,17.6362,0.3647,4.282,4,18.643,3.011,0.597,2.8308,2.097,3.097,0,1
6.3450,17.6489,0.3669,4.284,4,18.643,3.011,0.597,2.8243,2.097,3.097,0,1
6.3480,17.6616,0.3690,4.286,4,18.643,3.011,0.597,2.8178,2.097,3.097,0,1
6.3510,17.6743,0.3712,4.287,4,18.643,3.011,0.597,2.8113,2.097,3.097,0,1
6.3540,17.6870,0.3734,4.289,4,18.643,3.011,0.597,2.8049,2.097,3.097,0,1
6.3570,17.6997,0.3756,4.290,4,18.643,3.011,0.597,2.7985,2.097,3.097,0,1
6.3600,17.7125,0.3778,4.292,4,18.643,3.011,0.597,2.7922,2.097,3.097,0,1
6.3630,17.7252,0.3800,4.294,4,18.643,3.011,0.597,2.7859,2.097,3.097,0,1
6.3660,17.7379,0.3822,4.295,4,18.643,3.011,0.597,2.7796,2.097,3.097,0,1
6.3690,17.7506,0.3845,4.297,4,18.643,3.011,0.597,2.7734,2.097,3.097,0,1
6.3720,17.7633,0.3867,4.298,4,18.643,3.011,0.597,2.7672,2.097,3.097,0,1
6.3750,17.7761,0.3889,4.297,4,18.643,3.011,0.597,2.7611,2.097,3.097,0,1
6.3780,17.7888,0.3912,4.300,4,18.643,3.011,0.597,2.7550,2.097,3.097,0,1
6.3810,17.8015,0.3934,4.300,4,18.643,3.011,0.597,2.7490,2.097,3.097,0,1
6.3840,17.8143,0.3957,4.302,4,18.643,3.011,0.597,2.7430,2.097,3.097,0,1
6.3870,17.8270,0.3979,4.304,4,18.643,3.011,0.597,2.7370,2.097,3.097,0,1
6.3900,17.8397,0.4002,4.305,4,18.643,3.011,0.597,2.7311,2.097,3.097,0,1
6.3930,17.8525,0.4024,4.307,4,18.643,3.011,0.597,2.7252,2.097,3.097,0,1
6.3960,17.8652,0.4047,4.309,4,18.643,3.011,0.597,2.7193,2.097,3.097,0,1
6.3990,17.8780,0.4070,4.309,4,18.643,3.011,0.597,2.7135,2.097,3.097,0,1
6.4020,17.8907,0.4093,4.311,4,18.643,3.011,0.597,2.7077,2.097,3.097,0,1
6.4050,17.9034,0.4116,4.312,4,18.643,3.011,0.597,2.7020,2.097,3.097,0,1
6.4080,17.9162,0.4139,4.314,4,18.643,3.011,0.597,2.6963,2.097,3.097,0,1
6.4110,17.9290,0.4163,4.316,4,18.643,3.011,0.597,2.6907,2.097,3.097,0,1
6.4140,17.9417,0.4186,4.318,4,18.643,3.011,0.597,2.6850,2.097,3.097,0,1
6.4170,17.9545,0.4209,4.319,4,18.643,3.011,0.597,2.6795,2.097,3.097,0,1
6.4200,17.9672,0.4233,4.322,4,18.643,3.011,0.597,2.6739,2.097,3.097,0,1
6.4230,17.9800,0.4257,4.323,4,18.643,3.011,0.597,2.6685,2.097,3.097,0,1
6.4260,17.9928,0.4280,4.325,4,18.643,3.011,0.597,2.6630,2.097,3.097,0,1
6.4290,18.0055,0.4304,4.326,4,18.643,3.011,0.597,2.6576,2.097,3.097,0,1
6.4320,18.0183,0.4328,4.327,4,18.643,3.011,0.597,2.6523,2.097,3.097,0,1
6.4350,18.0311,0.4352,4.329,4,18.643,3.011,0.597,2.6470,2.097,3.097,0,1
6.4380,18.0439,0.4376,4.330,4,18.643,3.011,0.597,2.6417,2.097,3.097,0,1
6.4410,18.0566,0.4400,4.331,4,18.643,3.011,0.597,2.6365,2.097,3.097,0,1
6.4440,18.0694,0.4424,4.332,4,18.643,3.011,0.597,2.6314,2.097,3.097,0,1
6.4470,18.0822,0.4448,4.333,4,18.643,3.011,0.597,2.6262,2.097,3.097,0,1
6.4500,18.0950,0.4472,4.333,4,18.643,3.011,0.597,2.6212,2.097,3.097,0,1
6.4530,18.1078,0.4496,4.335,4,18.643,3.011,0.597,2.6162,2.097,3.097,0,1
6.4560,18.1206,0.4521,4.334,4,18.643,3.011,0.597,2.6112,2.097,3.097,0,1
6.4590,18.1334,0.4545,4.334,4,18.643,3.011,0.597,2.6063,2.097,3.097,0,1
6.4620,18.1461,0.4570,4.336,4,18.643,3.011,0.597,2.6014,2.097,3.097,0,1
6.4650,18.1589,0.4594,4.337,4,18.643,3.011,0.597,2.5966,2.097,3.097,0,1
6.4680,18.1717,0.4619,4.338,4,18.643,3.011,0.597,2.5918,2.097,3.097,0,1
6.4710,18.1845,0.4644,4.339,4,18.643,3.011,0.597,2.5870,2.097,3.097,0,1
6.4740,18.1973,0.4669,4.340,4,18.643,3.011,0.597,2.5824,2.097,3.097,0,1
6.4770,18.2101,0.4694,4.342,4,18.643,3.011,0.597,2.5777,2.097,3.097,0,1
6.4800,18.2229,0.4719,4.345,4,18.643,3.011,0.597,2.5731,2.097,3.097,0,1
6.4830,18.2357,0.4744,4.347,4,18.643,3.011,0.597,2.5685,2.097,3.097,0,1
6.4860,18.2485,0.4770,4.346,4,18.643,3.011,0.597,2.5641,2.097,3.097,0,1
6.4890,18.2613,0.4795,4.345,4,18.643,3.011,0.597,2.5596,2.097,3.097,0,1
6.4920,18.2741,0.4820,4.346,4,18.643,3.011,0.597,2.5552,2.097,3.097,0,1
6.4950,18.2869,0.4846,4.347,4,18.643,3.011,0.597,2.5509,2.097,3.097,0,1
6.4980,18.2998,0.4872,4.348,4,18.643,3.011,0.597,2.5466,2.097,3.097,0,1
6.5010,18.3126,0.4897,4.349,4,18.643,3.011,0.597,2.5423,2.097,3.097,0,1
6.5040,18.3254,0.4923,4.349,4,18.643,3.011,0.597,2.5381,2.097,3.097,0,1
6.5070,18.3382,0.4949,4.349,4,18.643,3.011,0.597,2.5340,2.097,3.097,0,1
6.5100,18.3510,0.4975,4.348,4,18.643,3.011,0.597,2.5299,2.097,3.097,0,1
6.5130,18.3638,0.5001,4.349,4,18.643,3.011,0.597,2.5259,2.097,3.097,0,1
6.5160,18.3766,0.5027,4.350,4,18.643,3.011,0.597,2.5219,2.097,3.097,0,1
6.5190,18.3894,0.5053,4.351,4,18.643,3.011,0.597,2.5180,2.097,3.097,0,1
6.5220,18.4022,0.5079,4.352,4,18.643,3.011,0.597,2.5141,2.097,3.097,0,1
6.5250,18.4151,0.5106,4.354,4,18.643,3.011,0.597,2.5103,2.097,3.097,0,1
6.5280,18.4279,0.5132,4.354,4,18.643,3.011,0.597,2.5066,2.097,3.097,0,1
6.5310,18.4407,0.5159,4.355,4,18.643,3.011,0.597,2.5028,2.097,3.097,0,1
6.5340,18.4535,0.5185,4.356,4,18.643,3.011,0.597,2.4992,2.097,3.097,0,1
6.5370,18.4664,0.5212,4.358,4,18.643,3.011,0.597,2.4956,2.097,3.097,0,1
6.5400,18.4792,0.5238,4.359,4,18.643,3.011,0.597,2.4921,2.097,3.097,0,1
6.5430,18.4920,0.5265,4.361,4,18.643,3.011,0.597,2.4886,2.097,3.097,0,1
6.5460,18.5049,0.5292,4.362,4,18.643,3.011,0.597,2.4852,2.097,3.097,0,1
6.5490,18.5177,0.5319,4.364,4,18.643,3.011,0.597,2.4818,2.097,3.097,0,1
6.5520,18.5305,0.5346,4.366,4,18.643,3.011,0.597,2.4785,2.097,3.097,0,1
6.5550,18.5434,0.5373,4.368,4,18.643,3.011,0.597,2.4753,2.097,3.097,0,1
6.5580,18.5562,0.5400,4.370,4,18.643,3.011,0.597,2.4721,2.097,3.097,0,1
6.5610,18.5691,0.5427,4.370,4,18.643,3.011,0.597,2.4690,2.097,3.097,0,1
6.5640,18.5819,0.5454,4.371,4,18.643,3.011,0.597,2.4659,2.097,3.097,0,1
6.5670,18.5947,0.5481,4.372,4,18.643,3.011,0.597,2.4629,2.097,3.097,0,1
6.5700,18.6076,0.5508,4.374,4,18.643,3.011,0.597,2.4599,2.097,3.097,0,1
6.5730,18.6205,0.5536,4.377,4,18.643,3.011,0.597,2.4571,2.097,3.097,0,1
6.5760,18.6333,0.5563,4.378,4,18.643,3.011,0.597,2.4543,2.097,3.097,0,1
6.5790,18.6462,0.5590,4.379,4,18.643,3.011,0.597,2.4515,2.097,3.097,0,1
6.5820,18.6590,0.5618,4.379,4,18.643,3.011,0.597,2.4488,2.097,3.097,0,1
6.5850,18.6719,0.5645,4.379,4,18.643,3.011,0.597,2.4462,2.097,3.097,0,1
6.5880,18.6848,0.5673,4.382,4,18.643,3.011,0.597,2.4436,2.097,3.097,0,1
6.5910,18.6976,0.5700,4.383,4,18.643,3.011,0.597,2.4411,2.097,3.097,0,1
6.5940,18.7105,0.5728,4.384,4,18.643,3.011,0.597,2.4387,2.097,3.097,0,1
6.5970,18.7234,0.5756,4.384,4,18.643,3.011,0.597,2.4363,2.097,3.097,0,1
6.6000,18.7362,0.5784,4.385,4,18.643,3.011,0.597,2.4340,2.097,3.097,0,1
6.6030,18.7491,0.5812,4.384,4,18.643,3.011,0.597,2.4317,2.097,3.097,0,1
6.6060,18.7620,0.5840,4.386,4,18.643,3.011,0.597,2.4295,2.097,3.097,0,1
6.6090,18.7748,0.5868,4.387,4,18.643,3.011,0.597,2.4274,2.097,3.097,0,1
6.6120,18.7877,0.5896,4.388,4,18.643,3.011,0.597,2.4253,2.097,3.097,0,1
6.6150,18.8006,0.5924,4.387,4,18.643,3.011,0.597,2.4233,2.097,3.097,0,1
6.6180,18.8135,0.5952,4.387,4,18.643,3.011,0.597,2.4214,2.097,3.097,0,1
6.6210,18.8263,0.5981,4.388,4,18.643,3.011,0.597,2.4195,2.097,3.097,0,1
6.6240,18.8392,0.6009,4.388,4,18.643,3.011,0.597,2.4176,2.097,3.097,0,1
6.6270,18.8521,0.6038,4.390,4,18.643,3.011,0.597,2.4159,2.097,3.097,0,1
6.6300,18.8650,0.6066,4.391,4,18.643,3.011,0.597,2.4142,2.097,3.097,0,1
6.6330,18.8778,0.6095,4.391,4,18.643,3.011,0.597,2.4125,2.097,3.097,0,1
6.6360,18.8907,0.6124,4.392,4,18.643,3.011,0.597,2.4110,2.097,3.097,0,1
6.6390,18.9036,0.6152,4.393,4,18.643,3.011,0.597,2.4095,2.097,3.097,0,1
6.6420,18.9165,0.6181,4.394,4,18.643,3.011,0.597,2.4080,2.097,3.097,0,1
6.6450,18.9294,0.6210,4.395,4,18.643,3.011,0.597,2.4067,2.097,3.097,0,1
6.6480,18.9423,0.6239,4.396,4,18.643,3.011,0.597,2.4054,2.097,3.097,0,1
6.6510,18.9551,0.6268,4.396,4,18.643,3.011,0.597,2.4041,2.097,3.097,0,1
6.6540,18.9680,0.6297,4.400,4,18.643,3.011,0.597,2.4030,2.097,3.097,0,1
6.6570,18.9809,0.6326,4.398,4,18.643,3.011,0.597,2.4019,2.097,3.097,0,1
6.6600,18.9938,0.6355,4.401,4,18.643,3.011,0.597,2.4009,2.097,3.097,0,1
6.6630,19.0067,0.6384,4.402,4,18.643,3.011,0.597,2.3999,2.097,3.097,0,1
6.6660,19.0196,0.6413,4.403,4,18.643,3.011,0.597,2.3990,2.097,3.097,0,1
6.6690,19.0325,0.6443,4.404,4,18.643,3.011,0.597,2.3982,2.097,3.097,0,1
6.6720,19.0454,0.6472,4.405,4,18.643,3.011,0.597,2.3974,2.097,3.097,0,1
6.6750,19.0583,0.6501,4.406,4,18.643,3.011,0.597,2.3968,2.097,3.097,0,1
6.6780,19.0713,0.6530,4.408,4,18.643,3.011,0.597,2.3961,2.097,3.097,0,1
6.6810,19.0842,0.6560,4.410,4,18.643,3.011,0.597,2.3956,2.097,3.097,0,1
6.6840,19.0971,0.6589,4.409,4,18.643,3.011,0.597,2.3951,2.097,3.097,0,1
6.6870,19.1100,0.6619,4.411,4,18.643,3.011,0.597,2.3947,2.097,3.097,0,1
6.6900,19.1229,0.6648,4.411,4,18.643,3.011,0.597,2.3944,2.097,3.097,0,1
6.6930,19.1358,0.6678,4.411,4,18.643,3.011,0.597,2.3941,2.097,3.097,0,1
6.6960,19.1487,0.6707,4.413,4,18.643,3.011,0.597,2.3939,2.097,3.097,0,1
6.6990,19.1616,0.6737,4.414,4,18.643,3.011,0.597,2.3938,2.097,3.097,0,1
6.7020,19.1746,0.6767,4.415,4,18.643,3.011,0.597,2.3937,2.097,3.097,0,1
6.7050,19.1875,0.6796,4.416,4,18.643,3.011,0.597,2.3938,2.097,3.097,0,1
6.7080,19.2004,0.6826,4.417,4,18.643,3.011,0.597,2.3938,2.097,3.097,0,1
6.7110,19.2133,0.6856,4.417,4,18.643,3.011,0.597,2.3940,2.097,3.097,0,1
6.7140,19.2262,0.6886,4.416,4,18.643,3.011,0.597,2.3942,2.097,3.097,0,1
6.7170,19.2392,0.6916,4.422,4,18.643,3.011,0.597,2.3945,2.097,3.097,0,1
6.7200,19.2521,0.6946,4.417,4,18.643,3.011,0.597,2.3948,2.097,3.097,0,1
6.7230,19.2650,0.6976,4.420,4,18.643,3.011,0.597,2.3952,2.097,3.097,0,1
6.7260,19.2779,0.7006,4.421,4,18.643,3.011,0.597,2.3957,2.097,3.097,0,1
6.7290,19.2908,0.7036,4.421,4,18.643,3.011,0.597,2.3963,2.097,3.097,0,1
6.7320,19.3038,0.7066,4.421,4,18.643,3.011,0.597,2.3969,2.097,3.097,0,1
6.7350,19.3167,0.7096,4.421,4,18.643,3.011,0.597,2.3976,2.097,3.097,0,1
6.7380,19.3296,0.7127,4.421,4,18.643,3.011,0.597,2.3984,2.097,3.097,0,1
6.7410,19.3425,0.7157,4.422,4,18.643,3.011,0.597,2.3992,2.097,3.097,0,1
6.7440,19.3555,0.7188,4.423,4,18.643,3.011,0.597,2.4001,2.097,3.097,0,1
6.7470,19.3684,0.7218,4.423,4,18.643,3.011,0.597,2.4011,2.097,3.097,0,1
6.7500,19.3813,0.7249,4.424,4,18.643,3.011,0.597,2.4021,2.097,3.097,0,1
6.7530,19.3943,0.7279,4.425,4,18.643,3.011,0.597,2.4032,2.097,3.097,0,1
6.7560,19.4072,0.7310,4.425,4,18.643,3.011,0.597,2.4043,2.097,3.097,0,1
6.7590,19.4201,0.7341,4.426,4,18.643,3.011,0.597,2.4056,2.097,3.097,0,1
6.7620,19.4331,0.7372,4.427,4,18.643,3.011,0.597,2.4069,2.097,3.097,0,1
6.7650,19.4460,0.7403,4.428,4,18.643,3.011,0.597,2.4082,2.097,3.097,0,1
6.7680,19.4589,0.7433,4.428,4,18.643,3.011,0.597,2.4097,2.097,3.097,0,1
6.7710,19.4719,0.7464,4.429,4,18.643,3.011,0.597,2.4112,2.097,3.097,0,1
6.7740,19.4848,0.7495,4.430,4,18.643,3.011,0.597,2.4128,2.097,3.097,0,1
6.7770,19.4978,0.7526,4.430,4,18.643,3.011,0.597,2.4144,2.097,3.097,0,1
6.7800,19.5107,0.7557,4.432,4,18.643,3.011,0.597,2.4161,2.097,3.097,0,1
6.7830,19.5236,0.7589,4.433,4,18.643,3.011,0.597,2.4179,2.097,3.097,0,1
6.7860,19.5366,0.7620,4.435,4,18.643,3.011,0.597,2.4198,2.097,3.097,0,1
6.7890,19.5495,0.7651,4.436,4,18.643,3.011,0.597,2.4217,2.097,3.097,0,1
6.7920,19.5625,0.7682,4.435,4,18.643,3.011,0.597,2.4237,2.097,3.097,0,1
6.7950,19.5754,0.7713,4.436,4,18.643,3.011,0.597,2.4258,2.097,3.097,0,1
6.7980,19.5884,0.7745,4.437,4,18.643,3.011,0.597,2.4279,2.097,3.097,0,1
6.8010,19.6013,0.7776,4.439,4,18.643,3.011,0.597,2.4301,2.097,3.097,0,1
6.8040,19.6143,0.7807,4.440,4,18.643,3.011,0.597,2.4323,2.097,3.097,0,1
6.8070,19.6273,0.7839,4.440,4,18.643,3.011,0.597,2.4347,2.097,3.097,0,1
6.8100,19.6402,0.7870,4.441,4,18.643,3.011,0.597,2.4371,2.097,3.097,0,1
6.8130,19.6532,0.7902,4.441,4,18.643,3.011,0.597,2.4395,2.097,3.097,0,1
6.8160,19.6661,0.7933,4.443,4,18.643,3.011,0.597,2.4420,2.097,3.097,0,1
6.8190,19.6791,0.7965,4.442,4,18.643,3.011,0.597,2.4446,2.097,3.097,0,1
6.8220,19.6920,0.7997,4.442,4,18.643,3.011,0.597,2.4473,2.097,3.097,0,1
6.8250,19.7050,0.8028,4.443,4,18.643,3.011,0.597,2.4500,2.097,3.097,0,1
6.8280,19.7179,0.8060,4.444,4,18.643,3.011,0.597,2.4528,2.097,3.097,0,1
6.8310,19.7309,0.8092,4.443,4,18.643,3.011,0.597,2.4556,2.097,3.097,0,1
6.8340,19.7439,0.8124,4.444,4,18.643,3.011,0.597,2.4586,2.097,3.097,0,1
6.8370,19.7568,0.8156,4.444,4,18.643,3.011,0.597,2.4615,2.097,3.097,0,1
6.8400,19.7698,0.8188,4.445,4,18.643,3.011,0.597,2.4646,2.097,3.097,0,1
6.8430,19.7827,0.8220,4.446,4,18.643,3.011,0.597,2.4677,2.097,3.097,0,1
6.8460,19.7957,0.8252,4.447,4,18.643,3.011,0.597,2.4709,2.097,3.097,0,1
6.8490,19.8087,0.8284,4.448,4,18.643,3.011,0.597,2.4741,2.097,3.097,0,1
6.8520,19.8216,0.8317,4.447,4,18.643,3.011,0.597,2.4774,2.097,3.097,0,1
6.8550,19.8346,0.8349,4.447,4,18.643,3.011,0.597,2.4808,2.097,3.097,0,1
6.8580,19.8476,0.8381,4.448,4,18.643,3.011,0.597,2.4843,2.097,3.097,0,1
6.8610,19.8605,0.8413,4.448,4,18.643,3.011,0.597,2.4878,2.097,3.097,0,1
6.8640,19.8735,0.8445,4.450,4,18.643,3.011,0.597,2.4913,2.097,3.097,0,1
6.8670,19.8865,0.8477,4.451,4,18.643,3.011,0.597,2.4950,2.097,3.097,0,1
6.8700,19.8994,0.8510,4.453,4,18.643,3.011,0.597,2.4987,2.097,3.097,0,1
6.8730,19.9124,0.8542,4.455,4,18.643,3.011,0.597,2.5024,2.097,3.097,0,1
6.8760,19.9254,0.8574,4.454,4,18.643,3.011,0.597,2.5063,2.097,3.097,0,1
6.8790,19.9384,0.8607,4.455,4,18.643,3.011,0.597,2.5102,2.097,3.097,0,1
6.8820,19.9513,0.8639,4.456,4,18.643,3.011,0.597,2.5141,2.097,3.097,0,1
6.8850,19.9643,0.8672,4.457,4,18.643,3.011,0.597,2.5181,2.097,3.097,0,1
6.8880,19.9773,0.8704,4.458,4,18.643,3.011,0.597,2.5222,2.097,3.097,0,1
6.8910,19.9903,0.8737,4.460,4,18.643,3.011,0.597,2.5264,2.097,3.097,0,1
6.8940,20.0033,0.8769,4.461,4,18.643,3.011,0.597,2.5306,2.097,3.097,0,1
6.8970,20.0163,0.8802,4.461,4,18.643,3.011,0.597,2.5348,2.097,3.097,0,1
6.9000,20.0293,0.8834,4.462,4,18.643,3.011,0.597,2.5392,2.097,3.097,0,1
6.9030,20.0422,0.8867,4.464,4,18.643,3.011,0.597,2.5436,2.097,3.097,0,1
6.9060,20.0552,0.8900,4.465,4,18.643,3.011,0.597,2.5480,2.097,3.097,0,1
6.9090,20.0682,0.8932,4.466,4,18.643,3.011,0.597,2.5525,2.097,3.097,0,1
6.9120,20.0812,0.8965,4.466,4,18.643,3.011,0.597,2.5571,2.097,3.097,0,1
6.9150,20.0942,0.8998,4.467,4,18.643,3.011,0.597,2.5618,2.097,3.097,0,1
6.9180,20.1072,0.9030,4.467,4,18.643,3.011,0.597,2.5665,2.097,3.097,0,1
6.9210,20.1202,0.9063,4.467,4,18.643,3.011,0.597,2.5712,2.097,3.097,0,1
6.9240,20.1332,0.9096,4.467,4,18.643,3.011,0.597,2.5761,2.097,3.097,0,1
6.9270,20.1462,0.9128,4.466,4,18.643,3.011,0.597,2.5809,2.097,3.097,0,1
6.9300,20.1592,0.9161,4.467,4,18.643,3.011,0.597,2.5859,2.097,3.097,0,1
6.9330,20.1722,0.9194,4.468,4,18.643,3.011,0.597,2.5909,2.097,3.097,0,1
6.9360,20.1852,0.9227,4.465,4,18.643,3.011,0.597,2.5959,2.097,3.097,0,1
6.9390,20.1982,0.9260,4.469,4,18.643,3.011,0.597,2.6010,2.097,3.097,0,1
6.9420,20.2112,0.9293,4.467,4,18.643,3.011,0.597,2.6062,2.097,3.097,0,1
6.9450,20.2242,0.9326,4.467,4,18.643,3.011,0.597,2.6114,2.097,3.097,0,1
6.9480,20.2372,0.9359,4.470,4,18.643,3.011,0.597,2.6166,2.097,3.097,0,1
6.9510,20.2502,0.9392,4.471,4,18.643,3.011,0.597,2.6220,2.097,3.097,0,1
6.9540,20.2632,0.9426,4.470,4,18.643,3.011,0.597,2.6273,2.097,3.097,0,1
6.9570,20.2762,0.9459,4.472,4,18.643,3.011,0.597,2.6328,2.097,3.097,0,1
6.9600,20.2892,0.9492,4.472,4,18.643,3.011,0.597,2.6383,2.097,3.097,0,1
6.9630,20.3022,0.9525,4.473,4,18.643,3.011,0.597,2.6438,2.097,3.097,0,1
6.9660,20.3153,0.9559,4.473,4,18.643,3.011,0.597,2.6494,2.097,3.097,0,1
6.9690,20.3283,0.9592,4.474,4,18.643,3.011,0.597,2.6551,2.097,3.097,0,1
6.9720,20.3413,0.9625,4.475,4,18.643,3.011,0.597,2.6608,2.097,3.097,0,1
6.9750,20.3543,0.9658,4.476,4,18.643,3.011,0.597,2.6666,2.097,3.097,0,1
6.9780,20.3673,0.9692,4.477,4,18.643,3.011,0.597,2.6724,2.097,3.097,0,1
6.9810,20.3803,0.9725,4.478,4,18.643,3.011,0.597,2.6783,2.097,3.097,0,1
6.9840,20.3934,0.9758,4.479,4,18.643,3.011,0.597,2.6843,2.097,3.097,0,1
6.9870,20.4064,0.9792,4.479,4,18.643,3.011,0.597,2.6903,2.097,3.097,0,1
6.9900,20.4194,0.9825,4.477,4,18.643,3.011,0.597,2.6963,2.097,3.097,0,1
6.9930,20.4324,0.9858,4.479,4,18.643,3.011,0.597,2.7024,2.097,3.097,0,1
6.9960,20.4454,0.9892,4.479,4,18.643,3.011,0.597,2.7085,2.097,3.097,0,1
6.9990,20.4585,0.9925,4.479,4,18.643,3.011,0.597,2.7147,2.097,3.097,0,1
7.0020,20.4715,0.9959,4.480,4,18.643,3.011,0.597,2.7209,2.097,3.097,0,1
7.0050,20.4845,0.9993,4.480,4,18.643,3.011,0.597,2.7272,2.097,3.097,0,1
7.0080,20.4975,1.0026,4.481,4,18.643,3.011,0.597,2.7336,2.097,3.097,0,1
7.0110,20.5105,1.0060,4.479,4,18.643,3.011,0.597,2.7399,2.097,3.097,0,1
7.0140,20.5235,1.0094,4.479,4,18.643,3.011,0.597,2.7464,2.097,3.097,0,1
7.0170,20.5366,1.0128,4.479,4,18.643,3.011,0.597,2.7528,2.097,3.097,0,1
7.0200,20.5496,1.0162,4.480,4,18.643,3.011,0.597,2.7594,2.097,3.097,0,1
7.0230,20.5626,1.0195,4.481,4,18.643,3.011,0.597,2.7659,2.097,3.097,0,1
7.0260,20.5756,1.0229,4.484,4,18.643,3.011,0.597,2.7726,2.097,3.097,0,1
7.0290,20.5887,1.0263,4.484,4,18.643,3.011,0.597,2.7793,2.097,3.097,0,1
7.0320,20.6017,1.0297,4.483,4,18.643,3.011,0.597,2.7860,2.097,3.097,0,1
7.0350,20.6147,1.0331,4.484,4,18.643,3.011,0.597,2.7928,2.097,3.097,0,1
7.0380,20.6278,1.0365,4.484,4,18.643,3.011,0.597,2.7996,2.097,3.097,0,1
7.0410,20.6408,1.0399,4.485,4,18.643,3.011,0.597,2.8065,2.097,3.097,0,1
7.0440,20.6538,1.0433,4.487,4,18.643,3.011,0.597,2.8134,2.097,3.097,0,1
7.0470,20.6669,1.0467,4.486,4,18.643,3.011,0.597,2.8204,2.097,3.097,0,1
7.0500,20.6799,1.0500,4.488,4,18.643,3.011,0.597,2.8274,2.097,3.097,0,1
7.0530,20.6929,1.0534,4.489,4,18.643,3.011,0.597,2.8345,2.097,3.097,0,1
7.0560,20.7060,1.0568,4.490,4,18.643,3.011,0.597,2.8416,2.097,3.097,0,1
7.0590,20.7190,1.0602,4.489,4,18.643,3.011,0.597,2.8487,2.097,3.097,0,1
7.0620,20.7321,1.0636,4.490,4,18.643,3.011,0.597,2.8559,2.097,3.097,0,1
7.0650,20.7451,1.0671,4.491,4,18.643,3.011,0.597,2.8632,2.097,3.097,0,1
7.0680,20.7582,1.0705,4.492,4,18.643,3.011,0.597,2.8704,2.097,3.097,0,1
7.0710,20.7712,1.0739,4.494,4,18.643,3.011,0.597,2.8778,2.097,3.097,0,1
7.0740,20.7843,1.0773,4.495,4,18.643,3.011,0.597,2.8852,2.097,3.097,0,1
7.0770,20.7973,1.0807,4.496,4,18.643,3.011,0.597,2.8926,2.097,3.097,0,1
7.0800,20.8104,1.0841,4.498,4,18.643,3.011,0.597,2.9001,2.097,3.097,0,1
7.0830,20.8234,1.0875,4.498,4,18.643,3.011,0.597,2.9076,2.097,3.097,0,1
7.0860,20.8365,1.0909,4.498,4,18.643,3.011,0.597,2.9151,2.097,3.097,0,1
7.0890,20.8495,1.0943,4.499,4,18.643,3.011,0.597,2.9227,2.097,3.097,0,1
7.0920,20.8626,1.0977,4.498,4,18.643,3.011,0.597,2.9304,2.097,3.097,0,1
7.0950,20.8756,1.1011,4.499,4,18.643,3.011,0.597,2.9381,2.097,3.097,0,1
7.0980,20.8887,1.1046,4.499,4,18.643,3.011,0.597,2.9458,2.097,3.097,0,1
7.1010,20.9018,1.1080,4.500,4,18.643,3.011,0.597,2.9536,2.097,3.097,0,1
7.1040,20.9148,1.1114,4.500,4,18.643,3.011,0.597,2.9614,2.097,3.097,0,1
7.1070,20.9279,1.1148,4.499,4,18.643,3.011,0.597,2.9692,2.097,3.097,0,1
7.1100,20.9409,1.1182,4.497,4,18.643,3.011,0.597,2.9771,2.097,3.097,0,1
7.1130,20.9540,1.1216,4.498,4,18.643,3.011,0.597,2.9851,2.097,3.097,0,1
7.1160,20.9671,1.1250,4.497,4,18.643,3.011,0.597,2.9930,2.097,3.097,0,1
7.1190,20.9801,1.1284,4.498,4,18.643,3.011,0.597,3.0010,2.097,3.097,0,1
7.1220,20.9932,1.1319,4.501,4,18.643,3.011,0.597,3.0091,2.097,3.097,0,1
7.1250,21.0062,1.1353,4.500,4,18.643,3.011,0.597,3.0172,2.097,3.097,0,1
7.1280,21.0193,1.1387,4.501,4,18.643,3.011,0.597,3.0253,2.097,3.097,0,1
7.1310,21.0324,1.1421,4.503,4,18.643,3.011,0.597,3.0335,2.097,3.097,0,1
7.1340,21.0454,1.1456,4.504,4,18.643,3.011,0.597,3.0417,2.097,3.097,0,1
7.1370,21.0585,1.1490,4.505,4,18.643,3.011,0.597,3.0499,2.097,3.097,0,1
7.1400,21.0716,1.1524,4.505,4,18.643,3.011,0.597,3.0582,2.097,3.097,0,1
7.1430,21.0847,1.1558,4.507,4,18.643,3.011,0.597,3.0665,2.097,3.097,0,1
7.1460,21.0977,1.1593,4.507,4,18.643,3.011,0.597,3.0749,2.097,3.097,0,1
7.1490,21.1108,1.1627,4.509,4,18.643,3.011,0.597,3.0833,2.097,3.097,0,1
7.1520,21.1239,1.1661,4.506,4,18.643,3.011,0.597,3.0917,2.097,3.097,0,1
7.7400,23.6950,1.8576,4.523,1,25.958,3.686,0.421,2.9092,1.921,2.921,0,1
7.7430,23.7081,1.8610,4.522,1,25.958,3.686,0.421,2.8969,1.921,2.921,0,1
7.7460,23.7213,1.8644,4.521,1,25.958,3.686,0.421,2.8845,1.921,2.921,0,1
7.7490,23.7344,1.8678,4.521,1,25.958,3.686,0.421,2.8722,1.921,2.921,0,1
7.7520,23.7475,1.8712,4.520,1,25.958,3.686,0.421,2.8599,1.921,2.921,0,1
7.7550,23.7607,1.8746,4.520,1,25.958,3.686,0.421,2.8476,1.921,2.921,0,1
7.7580,23.7738,1.8780,4.520,1,25.958,3.686,0.421,2.8353,1.921,2.921,0,1
7.7610,23.7869,1.8814,4.521,1,25.958,3.686,0.421,2.8230,1.921,2.921,0,1
7.7640,23.8001,1.8848,4.519,1,25.958,3.686,0.421,2.8108,1.921,2.921,0,1
7.7670,23.8132,1.8881,4.519,1,25.958,3.686,0.421,2.7985,1.921,2.921,0,1
7.7700,23.8264,1.8915,4.519,1,25.958,3.686,0.421,2.7863,1.921,2.921,0,1
7.7730,23.8395,1.8949,4.520,1,25.958,3.686,0.421,2.7741,1.921,2.921,0,1
7.7760,23.8526,1.8982,4.520,1,25.958,3.686,0.421,2.7619,1.921,2.921,0,1
7.7790,23.8658,1.9016,4.519,1,25.958,3.686,0.421,2.7497,1.921,2.921,0,1
7.7820,23.8789,1.9050,4.520,1,25.958,3.686,0.421,2.7375,1.921,2.921,0,1
7.7850,23.8920,1.9083,4.520,1,25.958,3.686,0.421,2.7254,1.921,2.921,0,1
7.7880,23.9052,1.9117,4.520,1,25.958,3.686,0.421,2.7132,1.921,2.921,0,1
7.7910,23.9183,1.9150,4.520,1,25.958,3.686,0.421,2.7011,1.921,2.921,0,1
7.7940,23.9315,1.9184,4.520,1,25.958,3.686,0.421,2.6890,1.921,2.921,0,1
7.7970,23.9446,1.9217,4.520,1,25.958,3.686,0.421,2.6769,1.921,2.921,0,1
7.8000,23.9577,1.9251,4.519,1,25.958,3.686,0.421,2.6648,1.921,2.921,0,1
7.8030,23.9709,1.9284,4.518,1,25.958,3.686,0.421,2.6528,1.921,2.921,0,1
7.8060,23.9840,1.9317,4.518,1,25.958,3.686,0.421,2.6408,1.921,2.921,0,1
7.8090,23.9971,1.9350,4.517,1,25.958,3.686,0.421,2.6287,1.921,2.921,0,1
7.8120,24.0103,1.9384,4.514,1,25.958,3.686,0.421,2.6167,1.921,2.921,0,1
7.8150,24.0234,1.9417,4.515,1,25.958,3.686,0.421,2.6048,1.921,2.921,0,1
7.8180,24.0365,1.9450,4.514,1,25.958,3.686,0.421,2.5928,1.921,2.921,0,1
7.8210,24.0497,1.9483,4.513,1,25.958,3.686,0.421,2.5809,1.921,2.921,0,1
7.8240,24.0628,1.9516,4.509,1,25.958,3.686,0.421,2.5689,1.921,2.921,0,1
7.8270,24.0759,1.9549,4.512,1,25.958,3.686,0.421,2.5570,1.921,2.921,0,1
7.8300,24.0890,1.9582,4.511,1,25.958,3.686,0.421,2.5451,1.921,2.921,0,1
7.8330,24.1022,1.9615,4.511,1,25.958,3.686,0.421,2.5333,1.921,2.921,0,1
7.8360,24.1153,1.9648,4.510,1,25.958,3.686,0.421,2.5214,1.921,2.921,0,1
7.8390,24.1284,1.9681,4.511,1,25.958,3.686,0.421,2.5096,1.921,2.921,0,1
7.8420,24.1416,1.9713,4.510,1,25.958,3.686,0.421,2.4978,1.921,2.921,0,1
7.8450,24.1547,1.9746,4.510,1,25.958,3.686,0.421,2.4860,1.921,2.921,0,1
7.8480,24.1678,1.9779,4.511,1,25.958,3.686,0.421,2.4743,1.921,2.921,0,1
7.8510,24.1809,1.9811,4.511,1,25.958,3.686,0.421,2.4625,1.921,2.921,0,1
7.8540,24.1941,1.9844,4.511,1,25.958,3.686,0.421,2.4508,1.921,2.921,0,1
7.8570,24.2072,1.9877,4.511,1,25.958,3.686,0.421,2.4391,1.921,2.921,0,1
7.8600,24.2203,1.9909,4.511,1,25.958,3.686,0.421,2.4274,1.921,2.921,0,1
7.8630,24.2334,1.9942,4.510,1,25.958,3.686,0.421,2.4158,1.921,2.921,0,1
7.8660,24.2466,1.9974,4.510,1,25.958,3.686,0.421,2.4041,1.921,2.921,0,1
7.8690,24.2597,2.0006,4.510,1,25.958,3.686,0.421,2.3925,1.921,2.921,0,1
7.8720,24.2728,2.0039,4.509,1,25.958,3.686,0.421,2.3810,1.921,2.921,0,1
7.8750,24.2860,2.0071,4.508,1,25.958,3.686,0.421,2.3694,1.921,2.921,0,1
7.8780,24.2991,2.0103,4.507,1,25.958,3.686,0.421,2.3579,1.921,2.921,0,1
7.8810,24.3122,2.0135,4.507,1,25.958,3.686,0.421,2.3464,1.921,2.921,0,1
7.8840,24.3253,2.0167,4.506,1,25.958,3.686,0.421,2.3349,1.921,2.921,0,1
7.8870,24.3385,2.0199,4.504,1,25.958,3.686,0.421,2.3234,1.921,2.921,0,1
7.8900,24.3516,2.0231,4.503,1,25.958,3.686,0.421,2.3120,1.921,2.921,0,1
7.8930,24.3647,2.0263,4.502,1,25.958,3.686,0.421,2.3006,1.921,2.921,0,1
7.8960,24.3778,2.0295,4.502,1,25.958,3.686,0.421,2.2892,1.921,2.921,0,1
7.8990,24.3909,2.0327,4.502,1,25.958,3.686,0.421,2.2779,1.921,2.921,0,1
7.9020,24.4040,2.0359,4.500,1,25.958,3.686,0.421,2.2666,1.921,2.921,0,1
7.9050,24.4172,2.0391,4.500,1,25.958,3.686,0.421,2.2553,1.921,2.921,0,1
7.9080,24.4303,2.0422,4.499,1,25.958,3.686,0.421,2.2440,1.921,2.921,0,1
7.9110,24.4434,2.0454,4.500,1,25.958,3.686,0.421,2.2328,1.921,2.921,0,1
7.9140,24.4565,2.0486,4.500,1,25.958,3.686,0.421,2.2216,1.921,2.921,0,1
7.9170,24.4696,2.0517,4.500,1,25.958,3.686,0.421,2.2104,1.921,2.921,0,1
7.9200,24.4828,2.0549,4.499,1,25.958,3.686,0.421,2.1992,1.921,2.921,0,1
7.9230,24.4959,2.0580,4.498,1,25.958,3.686,0.421,2.1881,1.921,2.921,0,1
7.9260,24.5090,2.0611,4.499,1,25.958,3.686,0.421,2.1770,1.921,2.921,0,1
7.9290,24.5221,2.0643,4.498,1,25.958,3.686,0.421,2.1660,1.921,2.921,0,1
7.9320,24.5353,2.0674,4.498,1,25.958,3.686,0.421,2.1549,1.921,2.921,0,1
7.9350,24.5484,2.0705,4.496,1,25.958,3.686,0.421,2.1439,1.921,2.921,0,1
7.9380,24.5615,2.0737,4.496,1,25.958,3.686,0.421,2.1330,1.921,2.921,0,1
7.9410,24.5746,2.0768,4.495,1,25.958,3.686,0.421,2.1220,1.921,2.921,0,1
7.9440,24.5877,2.0799,4.494,1,25.958,3.686,0.421,2.1111,1.921,2.921,0,1
7.9470,24.6009,2.0830,4.493,1,25.958,3.686,0.421,2.1003,1.921,2.921,0,1
7.9500,24.6140,2.0862,4.491,1,25.958,3.686,0.421,2.0894,1.921,2.921,0,1
7.9530,24.6271,2.0893,4.491,1,25.958,3.686,0.421,2.0786,1.921,2.921,0,1
7.9560,24.6402,2.0924,4.489,1,25.958,3.686,0.421,2.0679,1.921,2.921,0,1
7.9590,24.6533,2.0955,4.487,1,25.958,3.686,0.421,2.0571,1.921,2.921,0,1
7.9620,24.6664,2.0986,4.486,1,25.958,3.686,0.421,2.0465,1.921,2.921,0,1
7.9650,24.6795,2.1016,4.486,1,25.958,3.686,0.421,2.0358,1.921,2.921,0,1
7.9680,24.6926,2.1047,4.485,1,25.958,3.686,0.421,2.0252,1.921,2.921,0,1
7.9710,24.7057,2.1078,4.485,1,25.958,3.686,0.421,2.0146,1.921,2.921,0,1
7.9740,24.7188,2.1109,4.485,1,25.958,3.686,0.421,2.0041,1.921,2.921,0,1
7.9770,24.7319,2.1139,4.485,1,25.958,3.686,0.421,1.9936,1.921,2.921,0,1
7.9800,24.7450,2.1170,4.483,1,25.958,3.686,0.421,1.9832,1.921,2.921,0,1
7.9830,24.7581,2.1200,4.482,1,25.958,3.686,0.421,1.9728,1.921,2.921,0,1
7.9860,24.7712,2.1231,4.482,1,25.958,3.686,0.421,1.9624,1.921,2.921,0,1
7.9890,24.7844,2.1261,4.484,1,25.958,3.686,0.421,1.9521,1.921,2.921,0,1
7.9920,24.7975,2.1291,4.484,1,25.958,3.686,0.421,1.9418,1.921,2.921,0,1
7.9950,24.8106,2.1322,4.484,1,25.958,3.686,0.421,1.9315,1.921,2.921,0,1
7.9980,24.8237,2.1352,4.485,1,25.958,3.686,0.421,1.9213,1.921,2.921,1,0
8.0010,24.8368,2.1382,4.484,1,25.958,3.686,0.421,1.9112,1.921,2.921,1,0
8.0040,24.8499,2.1412,4.482,1,25.958,3.686,0.421,1.9011,1.921,2.921,1,0
8.0070,24.8630,2.1442,4.479,1,25.958,3.686,0.421,1.8910,1.921,2.921,1,0
8.0100,24.8761,2.1472,4.477,1,25.958,3.686,0.421,1.8810,1.921,2.921,1,0
8.0130,24.8892,2.1502,4.472,1,25.958,3.686,0.421,1.8711,1.921,2.921,1,0
8.0160,24.9023,2.1531,4.468,1,25.958,3.686,0.421,1.8612,1.921,2.921,1,0
8.0190,24.9154,2.1560,4.464,1,25.958,3.686,0.421,1.8514,1.921,2.921,1,0
8.0220,24.9284,2.1589,4.463,1,25.958,3.686,0.421,1.8417,1.921,2.921,1,0
8.0250,24.9415,2.1619,4.459,1,25.958,3.686,0.421,1.8320,1.921,2.921,1,0
8.0280,24.9546,2.1647,4.459,1,25.958,3.686,0.421,1.8224,1.921,2.921,1,0
8.0310,24.9677,2.1676,4.458,1,25.958,3.686,0.421,1.8128,1.921,2.921,1,0
8.0340,24.9807,2.1705,4.456,1,25.958,3.686,0.421,1.8033,1.921,2.921,1,0
8.0370,24.9938,2.1734,4.456,1,25.958,3.686,0.421,1.7938,1.921,2.921,1,0
8.0400,25.0069,2.1762,4.455,1,25.958,3.686,0.421,1.7844,1.921,2.921,1,0
8.0430,25.0199,2.1791,4.455,1,25.958,3.686,0.421,1.7750,1.921,2.921,1,0
8.0460,25.0330,2.1819,4.451,1,25.958,3.686,0.421,1.7658,1.921,2.921,1,0
8.0490,25.0461,2.1847,4.450,1,25.958,3.686,0.421,1.7565,1.921,2.921,1,0
8.0520,25.0591,2.1875,4.446,1,25.958,3.686,0.421,1.7474,1.921,2.921,1,0
8.0550,25.0721,2.1903,4.441,1,25.958,3.686,0.421,1.7383,1.921,2.921,1,0
8.0580,25.0852,2.1931,4.437,1,25.958,3.686,0.421,1.7293,1.921,2.921,1,0
8.0610,25.0982,2.1959,4.437,1,25.958,3.686,0.421,1.7204,1.921,2.921,1,0
8.0640,25.1112,2.1987,4.436,1,25.958,3.686,0.421,1.7115,1.921,2.921,1,0
8.0670,25.1243,2.2015,4.435,1,25.958,3.686,0.421,1.7026,1.921,2.921,1,0
8.0700,25.1373,2.2042,4.436,1,25.958,3.686,0.421,1.6939,1.921,2.921,1,0
8.0730,25.1503,2.2070,4.436,1,25.958,3.686,0.421,1.6852,1.921,2.921,1,0
8.0760,25.1633,2.2098,4.436,1,25.958,3.686,0.421,1.6765,1.921,2.921,1,0
8.0790,25.1764,2.2126,4.436,1,25.958,3.686,0.421,1.6679,1.921,2.921,1,0
8.0820,25.1894,2.2153,4.436,1,25.958,3.686,0.421,1.6594,1.921,2.921,1,0
8.0850,25.2024,2.2181,4.434,1,25.958,3.686,0.421,1.6510,1.921,2.921,1,0
8.0880,25.2154,2.2209,4.434,1,25.958,3.686,0.421,1.6426,1.921,2.921,1,0
8.0910,25.2285,2.2236,4.434,1,25.958,3.686,0.421,1.6343,1.921,2.921,1,0
8.0940,25.2415,2.2264,4.434,1,25.958,3.686,0.421,1.6260,1.921,2.921,1,0
8.0970,25.2545,2.2292,4.433,1,25.958,3.686,0.421,1.6178,1.921,2.921,1,0
8.1000,25.2675,2.2319,4.432,1,25.958,3.686,0.421,1.6097,1.921,2.921,1,0
8.1030,25.2805,2.2347,4.432,1,25.958,3.686,0.421,1.6017,1.921,2.921,1,0
8.1060,25.2935,2.2374,4.431,1,25.958,3.686,0.421,1.5937,1.921,2.921,1,0
8.1090,25.3065,2.2402,4.427,1,25.958,3.686,0.421,1.5859,1.921,2.921,1,0
8.1120,25.3195,2.2429,4.432,1,25.958,3.686,0.421,1.5780,1.921,2.921,1,0
8.1150,25.3326,2.2457,4.430,1,25.958,3.686,0.421,1.5703,1.921,2.921,1,0
8.1180,25.3456,2.2484,4.430,1,25.958,3.686,0.421,1.5627,1.921,2.921,1,0
8.1210,25.3586,2.2511,4.430,1,25.958,3.686,0.421,1.5551,1.921,2.921,1,0
8.1240,25.3716,2.2538,4.429,1,25.958,3.686,0.421,1.5476,1.921,2.921,1,0
8.1270,25.3846,2.2565,4.429,1,25.958,3.686,0.421,1.5402,1.921,2.921,1,0
8.1300,25.3976,2.2592,4.429,1,25.958,3.686,0.421,1.5329,1.921,2.921,1,0
8.1330,25.4106,2.2619,4.428,1,25.958,3.686,0.421,1.5257,1.921,2.921,1,0
8.1360,25.4237,2.2646,4.429,1,25.958,3.686,0.421,1.5186,1.921,2.921,1,0
8.1390,25.4367,2.2673,4.427,1,25.958,3.686,0.421,1.5116,1.921,2.921,1,0
8.1420,25.4497,2.2699,4.430,1,25.958,3.686,0.421,1.5046,1.921,2.921,1,0
8.1450,25.4627,2.2726,4.429,1,25.958,3.686,0.421,1.4977,1.921,2.921,1,0
8.1480,25.4757,2.2753,4.429,1,25.958,3.686,0.421,1.4910,1.921,2.921,1,0
8.1510,25.4887,2.2779,4.429,1,25.958,3.686,0.421,1.4843,1.921,2.921,1,0
8.1540,25.5017,2.2806,4.429,1,25.958,3.686,0.421,1.4777,1.921,2.921,1,0
8.1570,25.5147,2.2833,4.427,1,25.958,3.686,0.421,1.4712,1.921,2.921,1,0
8.1600,25.5277,2.2859,4.425,1,25.958,3.686,0.421,1.4648,1.921,2.921,1,0
8.1630,25.5407,2.2885,4.424,1,25.958,3.686,0.421,1.4585,1.921,2.921,1,0
8.1660,25.5537,2.2912,4.423,1,25.958,3.686,0.421,1.4523,1.921,2.921,1,0
8.1690,25.5667,2.2938,4.423,1,25.958,3.686,0.421,1.4462,1.921,2.921,1,0
8.1720,25.5797,2.2965,4.422,1,25.958,3.686,0.421,1.4402,1.921,2.921,1,0
8.1750,25.5927,2.2991,4.421,1,25.958,3.686,0.421,1.4343,1.921,2.921,1,0
8.1780,25.6057,2.3017,4.420,1,25.958,3.686,0.421,1.4285,1.921,2.921,1,0
8.1810,25.6187,2.3043,4.419,1,25.958,3.686,0.421,1.4228,1.921,2.921,1,0
8.1840,25.6317,2.3069,4.418,1,25.958,3.686,0.421,1.4173,1.921,2.921,1,0
8.1870,25.6447,2.3095,4.418,1,25.958,3.686,0.421,1.4118,1.921,2.921,1,0
8.1900,25.6577,2.3121,4.418,1,25.958,3.686,0.421,1.4065,1.921,2.921,1,0
8.1930,25.6707,2.3147,4.418,1,25.958,3.686,0.421,1.4012,1.921,2.921,1,0
8.1960,25.6837,2.3172,4.417,1,25.958,3.686,0.421,1.3961,1.921,2.921,1,0
8.1990,25.6968,2.3198,4.416,1,25.958,3.686,0.421,1.3911,1.921,2.921,1,0
8.2020,25.7098,2.3223,4.416,1,25.958,3.686,0.421,1.3862,1.921,2.921,1,0
8.2050,25.7228,2.3249,4.416,1,25.958,3.686,0.421,1.3814,1.921,2.921,1,0
8.2080,25.7358,2.3274,4.416,1,25.958,3.686,0.421,1.3767,1.921,2.921,1,0
8.2110,25.7488,2.3300,4.415,1,25.958,3.686,0.421,1.3722,1.921,2.921,1,0
8.2140,25.7618,2.3325,4.415,1,25.958,3.686,0.421,1.3678,1.921,2.921,1,0
8.2170,25.7748,2.3351,4.415,1,25.958,3.686,0.421,1.3634,1.921,2.921,1,0
8.2200,25.7878,2.3376,4.415,1,25.958,3.686,0.421,1.3592,1.921,2.921,1,0
8.2230,25.8008,2.3402,4.415,1,25.958,3.686,0.421,1.3551,1.921,2.921,1,0
8.2260,25.8138,2.3427,4.414,1,25.958,3.686,0.421,1.3512,1.921,2.921,1,0
8.2290,25.8268,2.3452,4.413,1,25.958,3.686,0.421,1.3473,1.921,2.921,1,0
8.2320,25.8398,2.3477,4.412,1,25.958,3.686,0.421,1.3436,1.921,2.921,1,0
8.2350,25.8528,2.3503,4.410,1,25.958,3.686,0.421,1.3400,1.921,2.921,1,0
8.2380,25.8658,2.3528,4.411,1,25.958,3.686,0.421,1.3366,1.921,2.921,1,0
8.2410,25.8788,2.3553,4.408,1,25.958,3.686,0.421,1.3332,1.921,2.921,1,0
8.2440,25.8918,2.3578,4.406,1,25.958,3.686,0.421,1.3300,1.921,2.921,1,0
8.2470,25.9048,2.3603,4.407,1,25.958,3.686,0.421,1.3270,1.921,2.921,1,0
8.2500,25.9178,2.3628,4.407,1,25.958,3.686,0.421,1.3240,1.921,2.921,1,0
8.2530,25.9308,2.3653,4.405,1,25.958,3.686,0.421,1.3212,1.921,2.921,1,0
8.2560,25.9438,2.3677,4.404,1,25.958,3.686,0.421,1.3185,1.921,2.921,1,0
8.2590,25.9567,2.3702,4.404,1,25.958,3.686,0.421,1.3160,1.921,2.921,1,0
8.2620,25.9697,2.3727,4.402,1,25.958,3.686,0.421,1.3136,1.921,2.921,1,0
8.2650,25.9827,2.3751,4.401,1,25.958,3.686,0.421,1.3113,1.921,2.921,1,0
8.2680,25.9957,2.3776,4.401,1,25.958,3.686,0.421,1.3092,1.921,2.921,1,0
8.2710,26.0087,2.3800,4.401,1,25.958,3.686,0.421,1.3072,1.921,2.921,1,0
8.2740,26.0217,2.3825,4.401,1,25.958,3.686,0.421,1.3053,1.921,2.921,1,0
8.2770,26.0346,2.3849,4.401,1,25.958,3.686,0.421,1.3036,1.921,2.921,1,0
8.2800,26.0476,2.3873,4.401,1,25.958,3.686,0.421,1.3020,1.921,2.921,1,0
8.2830,26.0606,2.3898,4.401,1,25.958,3.686,0.421,1.3005,1.921,2.921,1,0
8.2860,26.0736,2.3922,4.398,1,25.958,3.686,0.421,1.2992,1.921,2.921,1,0
8.2890,26.0866,2.3946,4.399,1,25.958,3.686,0.421,1.2980,1.921,2.921,1,0
8.2920,26.0996,2.3970,4.397,1,25.958,3.686,0.421,1.2970,1.921,2.921,1,0
8.2950,26.1126,2.3994,4.396,1,25.958,3.686,0.421,1.2961,1.921,2.921,1,0
8.2980,26.1255,2.4018,4.396,1,25.958,3.686,0.421,1.2953,1.921,2.921,1,0
8.3010,26.1385,2.4042,4.395,1,25.958,3.686,0.421,1.2947,1.921,2.921,1,0
8.3040,26.1515,2.4066,4.395,1,25.958,3.686,0.421,1.2942,1.921,2.921,1,0
8.3070,26.1645,2.4090,4.393,1,25.958,3.686,0.421,1.2938,1.921,2.921,1,0
8.3100,26.1774,2.4114,4.395,1,25.958,3.686,0.421,1.2936,1.921,2.921,1,0
8.3130,26.1904,2.4137,4.391,1,25.958,3.686,0.421,1.2936,1.921,2.921,1,0
8.3160,26.2034,2.4161,4.391,1,25.958,3.686,0.421,1.2936,1.921,2.921,1,0
8.3190,26.2164,2.4185,4.392,1,25.958,3.686,0.421,1.2938,1.921,2.921,1,0
8.3220,26.2293,2.4209,4.392,1,25.958,3.686,0.421,1.2942,1.921,2.921,1,0
8.3250,26.2423,2.4232,4.391,1,25.958,3.686,0.421,1.2946,1.921,2.921,1,0
8.3280,26.2553,2.4256,4.391,1,25.958,3.686,0.421,1.2953,1.921,2.921,1,0
8.3310,26.2683,2.4279,4.390,1,25.958,3.686,0.421,1.2960,1.921,2.921,1,0
8.3340,26.2812,2.4302,4.388,1,25.958,3.686,0.421,1.2969,1.921,2.921,1,0
8.3370,26.2942,2.4326,4.389,1,25.958,3.686,0.421,1.2980,1.921,2.921,1,0
8.3400,26.3072,2.4349,4.388,1,25.958,3.686,0.421,1.2992,1.921,2.921,1,0
8.3430,26.3201,2.4372,4.388,1,25.958,3.686,0.421,1.3005,1.921,2.921,1,0
8.3460,26.3331,2.4395,4.388,1,25.958,3.686,0.421,1.3019,1.921,2.921,1,0
8.3490,26.3461,2.4419,4.388,1,25.958,3.686,0.421,1.3035,1.921,2.921,1,0
8.3520,26.3591,2.4442,4.386,1,25.958,3.686,0.421,1.3053,1.921,2.921,1,0
8.3550,26.3720,2.4465,4.387,1,25.958,3.686,0.421,1.3071,1.921,2.921,1,0
8.3580,26.3850,2.4487,4.387,1,25.958,3.686,0.421,1.3091,1.921,2.921,1,0
8.3610,26.3980,2.4510,4.390,1,25.958,3.686,0.421,1.3113,1.921,2.921,1,0
8.3640,26.4110,2.4533,4.387,1,25.958,3.686,0.421,1.3136,1.921,2.921,1,0
8.3670,26.4240,2.4556,4.381,1,25.958,3.686,0.421,1.3160,1.921,2.921,1,0
8.3700,26.4369,2.4579,4.388,1,25.958,3.686,0.421,1.3185,1.921,2.921,1,0
8.3730,26.4499,2.4601,4.388,1,25.958,3.686,0.421,1.3212,1.921,2.921,1,0
8.3760,26.4629,2.4624,4.387,1,25.958,3.686,0.421,1.3239,1.921,2.921,1,0
8.3790,26.4759,2.4647,4.387,1,25.958,3.686,0.421,1.3269,1.921,2.921,1,0
8.3820,26.4888,2.4670,4.386,1,25.958,3.686,0.421,1.3299,1.921,2.921,1,0
8.3850,26.5018,2.4692,4.385,1,25.958,3.686,0.421,1.3331,1.921,2.921,1,0
8.3880,26.5148,2.4715,4.384,1,25.958,3.686,0.421,1.3364,1.921,2.921,1,0
8.3910,26.5277,2.4737,4.385,1,25.958,3.686,0.421,1.3398,1.921,2.921,1,0
8.3940,26.5407,2.4760,4.384,1,25.958,3.686,0.421,1.3433,1.921,2.921,1,0
8.3970,26.5537,2.4782,4.384,1,25.958,3.686,0.421,1.3470,1.921,2.921,1,0
8.4000,26.5666,2.4805,4.383,1,25.958,3.686,0.421,1.3508,1.921,2.921,1,0
8.4030,26.5796,2.4827,4.381,1,25.958,3.686,0.421,1.3547,1.921,2.921,1,0
8.4060,26.5925,2.4849,4.382,1,25.958,3.686,0.421,1.3587,1.921,2.921,1,0
8.4090,26.6055,2.4872,4.381,1,25.958,3.686,0.421,1.3628,1.921,2.921,1,0
8.4090,26.6055,2.4872,4.381,3,29.922,2.729,0.834,3.3255,2.334,3.334,0,1
8.4120,26.6185,2.4894,4.381,1,25.958,3.686,0.421,1.3671,1.921,2.921,1,0
8.4120,26.6185,2.4894,4.381,3,29.922,2.729,0.834,3.3124,2.334,3.334,0,1
8.4150,26.6314,2.4916,4.380,1,25.958,3.686,0.421,1.3714,1.921,2.921,1,0
8.4150,26.6314,2.4916,4.380,3,29.922,2.729,0.834,3.2993,2.334,3.334,0,1
8.4180,26.6444,2.4938,4.380,1,25.958,3.686,0.421,1.3759,1.921,2.921,1,0
8.4180,26.6444,2.4938,4.380,3,29.922,2.729,0.834,3.2863,2.334,3.334,0,1
8.4210,26.6573,2.4960,4.379,1,25.958,3.686,0.421,1.3806,1.921,2.921,1,0
8.4210,26.6573,2.4960,4.379,3,29.922,2.729,0.834,3.2732,2.334,3.334,0,1
8.4240,26.6703,2.4982,4.379,1,25.958,3.686,0.421,1.3853,1.921,2.921,1,0
8.4240,26.6703,2.4982,4.379,3,29.922,2.729,0.834,3.2601,2.334,3.334,0,1
8.4270,26.6833,2.5004,4.379,1,25.958,3.686,0.421,1.3901,1.921,2.921,1,0
8.4270,26.6833,2.5004,4.379,3,29.922,2.729,0.834,3.2470,2.334,3.334,0,1
8.4300,26.6962,2.5026,4.379,1,25.958,3.686,0.421,1.3951,1.921,2.921,1,0
8.4300,26.6962,2.5026,4.379,3,29.922,2.729,0.834,3.2339,2.334,3.334,0,1
8.4330,26.7092,2.5048,4.378,1,25.958,3.686,0.421,1.4001,1.921,2.921,1,0
8.4330,26.7092,2.5048,4.378,3,29.922,2.729,0.834,3.2209,2.334,3.334,0,1
8.4360,26.7221,2.5070,4.376,1,25.958,3.686,0.421,1.4053,1.921,2.921,1,0
8.4360,26.7221,2.5070,4.376,3,29.922,2.729,0.834,3.2078,2.334,3.334,0,1
8.4390,26.7351,2.5091,4.376,1,25.958,3.686,0.421,1.4106,1.921,2.921,1,0
8.4390,26.7351,2.5091,4.376,3,29.922,2.729,0.834,3.1947,2.334,3.334,0,1
8.4420,26.7480,2.5113,4.375,1,25.958,3.686,0.421,1.4160,1.921,2.921,1,0
8.4420,26.7480,2.5113,4.375,3,29.922,2.729,0.834,3.1816,2.334,3.334,0,1
8.4450,26.7610,2.5134,4.375,1,25.958,3.686,0.421,1.4215,1.921,2.921,1,0
8.4450,26.7610,2.5134,4.375,3,29.922,2.729,0.834,3.1686,2.334,3.334,0,1
8.4480,26.7740,2.5156,4.375,1,25.958,3.686,0.421,1.4271,1.921,2.921,1,0
8.4480,26.7740,2.5156,4.375,3,29.922,2.729,0.834,3.1555,2.334,3.334,0,1
8.4510,26.7869,2.5177,4.375,1,25.958,3.686,0.421,1.4328,1.921,2.921,1,0
8.4510,26.7869,2.5177,4.375,3,29.922,2.729,0.834,3.1424,2.334,3.334,0,1
8.4540,26.7999,2.5198,4.375,1,25.958,3.686,0.421,1.4386,1.921,2.921,1,0
8.4540,26.7999,2.5198,4.375,3,29.922,2.729,0.834,3.1293,2.334,3.334,0,1
8.4570,26.8128,2.5220,4.372,1,25.958,3.686,0.421,1.4445,1.921,2.921,1,0
8.4570,26.8128,2.5220,4.372,3,29.922,2.729,0.834,3.1163,2.334,3.334,0,1
8.4600,26.8258,2.5241,4.374,1,25.958,3.686,0.421,1.4505,1.921,2.921,1,0
8.4600,26.8258,2.5241,4.374,3,29.922,2.729,0.834,3.1032,2.334,3.334,0,1
8.4630,26.8388,2.5262,4.374,1,25.958,3.686,0.421,1.4566,1.921,2.921,1,0
8.4630,26.8388,2.5262,4.374,3,29.922,2.729,0.834,3.0901,2.334,3.334,0,1
8.4660,26.8517,2.5283,4.375,1,25.958,3.686,0.421,1.4629,1.921,2.921,1,0
8.4660,26.8517,2.5283,4.375,3,29.922,2.729,0.834,3.0770,2.334,3.334,0,1
8.4690,26.8647,2.5304,4.375,1,25.958,3.686,0.421,1.4692,1.921,2.921,1,0
8.4690,26.8647,2.5304,4.375,3,29.922,2.729,0.834,3.0640,2.334,3.334,0,1
8.4720,26.8777,2.5325,4.373,1,25.958,3.686,0.421,1.4756,1.921,2.921,1,0
8.4720,26.8777,2.5325,4.373,3,29.922,2.729,0.834,3.0509,2.334,3.334,0,1
8.4750,26.8906,2.5346,4.371,1,25.958,3.686,0.421,1.4820,1.921,2.921,1,0
8.4750,26.8906,2.5346,4.371,3,29.922,2.729,0.834,3.0378,2.334,3.334,0,1
8.4780,26.9036,2.5367,4.373,1,25.958,3.686,0.421,1.4886,1.921,2.921,1,0
8.4780,26.9036,2.5367,4.373,3,29.922,2.729,0.834,3.0248,2.334,3.334,0,1
8.4810,26.9165,2.5388,4.373,1,25.958,3.686,0.421,1.4953,1.921,2.921,1,0
8.4810,26.9165,2.5388,4.373,3,29.922,2.729,0.834,3.0117,2.334,3.334,0,1
8.4840,26.9295,2.5409,4.373,1,25.958,3.686,0.421,1.5020,1.921,2.921,1,0
8.4840,26.9295,2.5409,4.373,3,29.922,2.729,0.834,2.9986,2.334,3.334,0,1
8.4870,26.9425,2.5430,4.373,1,25.958,3.686,0.421,1.5089,1.921,2.921,1,0
8.4870,26.9425,2.5430,4.373,3,29.922,2.729,0.834,2.9856,2.334,3.334,0,1
8.4900,26.9554,2.5450,4.372,1,25.958,3.686,0.421,1.5158,1.921,2.921,1,0
8.4900,26.9554,2.5450,4.372,3,29.922,2.729,0.834,2.9725,2.334,3.334,0,1
8.4930,26.9684,2.5471,4.372,1,25.958,3.686,0.421,1.5228,1.921,2.921,1,0
8.4930,26.9684,2.5471,4.372,3,29.922,2.729,0.834,2.9594,2.334,3.334,0,1
8.4960,26.9814,2.5492,4.371,1,25.958,3.686,0.421,1.5299,1.921,2.921,1,0
8.4960,26.9814,2.5492,4.371,3,29.922,2.729,0.834,2.9464,2.334,3.334,0,1
8.4990,26.9943,2.5512,4.371,1,25.958,3.686,0.421,1.5371,1.921,2.921,1,0
8.4990,26.9943,2.5512,4.371,3,29.922,2.729,0.834,2.9333,2.334,3.334,0,1
8.5020,27.0073,2.5533,4.371,1,25.958,3.686,0.421,1.5444,1.921,2.921,1,0
8.5020,27.0073,2.5533,4.371,3,29.922,2.729,0.834,2.9202,2.334,3.334,0,1
8.5050,27.0202,2.5553,4.370,1,25.958,3.686,0.421,1.5517,1.921,2.921,1,0
8.5050,27.0202,2.5553,4.370,3,29.922,2.729,0.834,2.9072,2.334,3.334,0,1
8.5080,27.0332,2.5574,4.374,1,25.958,3.686,0.421,1.5592,1.921,2.921,1,0
8.5080,27.0332,2.5574,4.374,3,29.922,2.729,0.834,2.8941,2.334,3.334,0,1
8.5110,27.0462,2.5594,4.367,1,25.958,3.686,0.421,1.5667,1.921,2.921,1,0
8.5110,27.0462,2.5594,4.367,3,29.922,2.729,0.834,2.8810,2.334,3.334,0,1
8.5140,27.0591,2.5614,4.368,1,25.958,3.686,0.421,1.5742,1.921,2.921,1,0
8.5140,27.0591,2.5614,4.368,3,29.922,2.729,0.834,2.8680,2.334,3.334,0,1
8.5170,27.0721,2.5634,4.369,1,25.958,3.686,0.421,1.5819,1.921,2.921,1,0
8.5170,27.0721,2.5634,4.369,3,29.922,2.729,0.834,2.8549,2.334,3.334,0,1
8.5200,27.0851,2.5655,4.370,1,25.958,3.686,0.421,1.5896,1.921,2.921,1,0
8.5200,27.0851,2.5655,4.370,3,29.922,2.729,0.834,2.8419,2.334,3.334,0,1
8.5230,27.0980,2.5675,4.369,1,25.958,3.686,0.421,1.5974,1.921,2.921,1,0
8.5230,27.0980,2.5675,4.369,3,29.922,2.729,0.834,2.8288,2.334,3.334,0,1
8.5260,27.1110,2.5695,4.369,1,25.958,3.686,0.421,1.6053,1.921,2.921,1,0
8.5260,27.1110,2.5695,4.369,3,29.922,2.729,0.834,2.8158,2.334,3.334,0,1
8.5290,27.1239,2.5715,4.367,1,25.958,3.686,0.421,1.6133,1.921,2.921,1,0
8.5290,27.1239,2.5715,4.367,3,29.922,2.729,0.834,2.8027,2.334,3.334,0,1
8.5320,27.1369,2.5735,4.367,1,25.958,3.686,0.421,1.6213,1.921,2.921,1,0
8.5320,27.1369,2.5735,4.367,3,29.922,2.729,0.834,2.7897,2.334,3.334,0,1
8.5350,27.1498,2.5755,4.367,1,25.958,3.686,0.421,1.6294,1.921,2.921,1,0
8.5350,27.1498,2.5755,4.367,3,29.922,2.729,0.834,2.7766,2.334,3.334,0,1
8.5380,27.1628,2.5774,4.368,1,25.958,3.686,0.421,1.6376,1.921,2.921,1,0
8.5380,27.1628,2.5774,4.368,3,29.922,2.729,0.834,2.7636,2.334,3.334,0,1
8.5410,27.1757,2.5794,4.365,1,25.958,3.686,0.421,1.6458,1.921,2.921,1,0
8.5410,27.1757,2.5794,4.365,3,29.922,2.729,0.834,2.7505,2.334,3.334,0,1
8.5440,27.1887,2.5814,4.366,1,25.958,3.686,0.421,1.6541,1.921,2.921,1,0
8.5440,27.1887,2.5814,4.366,3,29.922,2.729,0.834,2.7375,2.334,3.334,0,1
8.5470,27.2017,2.5833,4.365,1,25.958,3.686,0.421,1.6624,1.921,2.921,1,0
8.5470,27.2017,2.5833,4.365,3,29.922,2.729,0.834,2.7245,2.334,3.334,0,1
8.5500,27.2146,2.5853,4.365,1,25.958,3.686,0.421,1.6709,1.921,2.921,1,0
8.5500,27.2146,2.5853,4.365,3,29.922,2.729,0.834,2.7114,2.334,3.334,0,1
8.5530,27.2276,2.5872,4.364,1,25.958,3.686,0.421,1.6794,1.921,2.921,1,0
8.5530,27.2276,2.5872,4.364,3,29.922,2.729,0.834,2.6984,2.334,3.334,0,1
8.5560,27.2405,2.5892,4.364,1,25.958,3.686,0.421,1.6879,1.921,2.921,1,0
8.5560,27.2405,2.5892,4.364,3,29.922,2.729,0.834,2.6853,2.334,3.334,0,1
8.5590,27.2535,2.5911,4.364,1,25.958,3.686,0.421,1.6965,1.921,2.921,1,0
8.5590,27.2535,2.5911,4.364,3,29.922,2.729,0.834,2.6723,2.334,3.334,0,1
8.5620,27.2664,2.5930,4.364,1,25.958,3.686,0.421,1.7052,1.921,2.921,1,0
8.5620,27.2664,2.5930,4.364,3,29.922,2.729,0.834,2.6593,2.334,3.334,0,1
8.5650,27.2794,2.5950,4.363,1,25.958,3.686,0.421,1.7140,1.921,2.921,1,0
8.5650,27.2794,2.5950,4.363,3,29.922,2.729,0.834,2.6462,2.334,3.334,0,1
8.5680,27.2924,2.5969,4.362,1,25.958,3.686,0.421,1.7227,1.921,2.921,1,0
8.5680,27.2924,2.5969,4.362,3,29.922,2.729,0.834,2.6332,2.334,3.334,0,1
8.5710,27.3053,2.5988,4.362,1,25.958,3.686,0.421,1.7316,1.921,2.921,1,0
8.5710,27.3053,2.5988,4.362,3,29.922,2.729,0.834,2.6202,2.334,3.334,0,1
8.5740,27.3183,2.6007,4.361,1,25.958,3.686,0.421,1.7405,1.921,2.921,1,0
8.5740,27.3183,2.6007,4.361,3,29.922,2.729,0.834,2.6071,2.334,3.334,0,1
8.5770,27.3312,2.6026,4.361,1,25.958,3.686,0.421,1.7495,1.921,2.921,1,0
8.5770,27.3312,2.6026,4.361,3,29.922,2.729,0.834,2.5941,2.334,3.334,0,1
8.5800,27.3442,2.6045,4.360,1,25.958,3.686,0.421,1.7585,1.921,2.921,1,0
8.5800,27.3442,2.6045,4.360,3,29.922,2.729,0.834,2.5811,2.334,3.334,0,1
8.5830,27.3571,2.6064,4.359,1,25.958,3.686,0.421,1.7675,1.921,2.921,1,0
8.5830,27.3571,2.6064,4.359,3,29.922,2.729,0.834,2.5680,2.334,3.334,0,1
8.5860,27.3700,2.6083,4.358,1,25.958,3.686,0.421,1.7767,1.921,2.921,1,0
8.5860,27.3700,2.6083,4.358,3,29.922,2.729,0.834,2.5550,2.334,3.334,0,1
8.5890,27.3830,2.6102,4.358,1,25.958,3.686,0.421,1.7858,1.921,2.921,1,0
8.5890,27.3830,2.6102,4.358,3,29.922,2.729,0.834,2.5420,2.334,3.334,0,1
8.5920,27.3959,2.6121,4.356,1,25.958,3.686,0.421,1.7951,1.921,2.921,1,0
8.5920,27.3959,2.6121,4.356,3,29.922,2.729,0.834,2.5290,2.334,3.334,0,1
8.5950,27.4089,2.6139,4.356,1,25.958,3.686,0.421,1.8043,1.921,2.921,1,0
8.5950,27.4089,2.6139,4.356,3,29.922,2.729,0.834,2.5160,2.334,3.334,0,1
8.5980,27.4218,2.6158,4.355,1,25.958,3.686,0.421,1.8137,1.921,2.921,1,0
8.5980,27.4218,2.6158,4.355,3,29.922,2.729,0.834,2.5030,2.334,3.334,0,1
8.6010,27.4348,2.6176,4.354,1,25.958,3.686,0.421,1.8231,1.921,2.921,1,0
8.6010,27.4348,2.6176,4.354,3,29.922,2.729,0.834,2.4900,2.334,3.334,0,1
8.6040,27.4477,2.6194,4.353,1,25.958,3.686,0.421,1.8325,1.921,2.921,1,0
8.6040,27.4477,2.6194,4.353,3,29.922,2.729,0.834,2.4769,2.334,3.334,0,1
8.6070,27.4606,2.6212,4.349,1,25.958,3.686,0.421,1.8420,1.921,2.921,1,0
8.6070,27.4606,2.6212,4.349,3,29.922,2.729,0.834,2.4639,2.334,3.334,0,1
8.6100,27.4736,2.6231,4.351,1,25.958,3.686,0.421,1.8515,1.921,2.921,1,0
8.6100,27.4736,2.6231,4.351,3,29.922,2.729,0.834,2.4509,2.334,3.334,0,1
8.6130,27.4865,2.6249,4.350,1,25.958,3.686,0.421,1.8611,1.921,2.921,1,0
8.6130,27.4865,2.6249,4.350,3,29.922,2.729,0.834,2.4379,2.334,3.334,0,1
8.6160,27.4995,2.6267,4.349,1,25.958,3.686,0.421,1.8707,1.921,2.921,1,0
8.6160,27.4995,2.6267,4.349,3,29.922,2.729,0.834,2.4249,2.334,3.334,0,1
8.6190,27.5124,2.6285,4.348,1,25.958,3.686,0.421,1.8804,1.921,2.921,1,0
8.6190,27.5124,2.6285,4.348,3,29.922,2.729,0.834,2.4119,2.334,3.334,0,1
8.6220,27.5253,2.6302,4.348,1,25.958,3.686,0.421,1.8901,1.921,2.921,1,0
8.6220,27.5253,2.6302,4.348,3,29.922,2.729,0.834,2.3989,2.334,3.334,0,1
8.6250,27.5383,2.6320,4.348,1,25.958,3.686,0.421,1.8999,1.921,2.921,1,0
8.6250,27.5383,2.6320,4.348,3,29.922,2.729,0.834,2.3859,2.334,3.334,0,1
8.6280,27.5512,2.6338,4.348,1,25.958,3.686,0.421,1.9097,1.921,2.921,1,0
8.6280,27.5512,2.6338,4.348,3,29.922,2.729,0.834,2.3729,2.334,3.334,0,1
8.6310,27.5642,2.6356,4.348,1,25.958,3.686,0.421,1.9195,1.921,2.921,1,0
8.6310,27.5642,2.6356,4.348,3,29.922,2.729,0.834,2.3599,2.334,3.334,0,1
8.6340,27.5771,2.6373,4.346,1,25.958,3.686,0.421,1.9294,1.921,2.921,0,1
8.6340,27.5771,2.6373,4.346,3,29.922,2.729,0.834,2.3469,2.334,3.334,0,1
8.6370,27.5901,2.6391,4.348,1,25.958,3.686,0.421,1.9393,1.921,2.921,0,1
8.6370,27.5901,2.6391,4.348,3,29.922,2.729,0.834,2.3339,2.334,3.334,0,1
8.6400,27.6030,2.6409,4.345,1,25.958,3.686,0.421,1.9493,1.921,2.921,0,1
8.6400,27.6030,2.6409,4.345,3,29.922,2.729,0.834,2.3209,2.334,3.334,1,0
8.6430,27.6159,2.6426,4.346,1,25.958,3.686,0.421,1.9593,1.921,2.921,0,1
8.6430,27.6159,2.6426,4.346,3,29.922,2.729,0.834,2.3079,2.334,3.334,1,0
8.6460,27.6289,2.6444,4.347,1,25.958,3.686,0.421,1.9693,1.921,2.921,0,1
8.6460,27.6289,2.6444,4.347,3,29.922,2.729,0.834,2.2949,2.334,3.334,1,0
8.6490,27.6418,2.6462,4.345,1,25.958,3.686,0.421,1.9794,1.921,2.921,0,1
8.6490,27.6418,2.6462,4.345,3,29.922,2.729,0.834,2.2819,2.334,3.334,1,0
8.6520,27.6548,2.6479,4.345,1,25.958,3.686,0.421,1.9895,1.921,2.921,0,1
8.6520,27.6548,2.6479,4.345,3,29.922,2.729,0.834,2.2689,2.334,3.334,1,0
8.6550,27.6677,2.6496,4.344,1,25.958,3.686,0.421,1.9996,1.921,2.921,0,1
8.6550,27.6677,2.6496,4.344,3,29.922,2.729,0.834,2.2559,2.334,3.334,1,0
8.6580,27.6806,2.6514,4.343,1,25.958,3.686,0.421,2.0098,1.921,2.921,0,1
8.6580,27.6806,2.6514,4.343,3,29.922,2.729,0.834,2.2429,2.334,3.334,1,0
8.6610,27.6936,2.6531,4.343,1,25.958,3.686,0.421,2.0200,1.921,2.921,0,1
8.6610,27.6936,2.6531,4.343,3,29.922,2.729,0.834,2.2300,2.334,3.334,1,0
8.6640,27.7065,2.6548,4.343,1,25.958,3.686,0.421,2.0303,1.921,2.921,0,1
8.6640,27.7065,2.6548,4.343,3,29.922,2.729,0.834,2.2170,2.334,3.334,1,0
8.6670,27.7194,2.6566,4.341,1,25.958,3.686,0.421,2.0405,1.921,2.921,0,1
8.6670,27.7194,2.6566,4.341,3,29.922,2.729,0.834,2.2040,2.334,3.334,1,0
8.6700,27.7323,2.6583,4.340,1,25.958,3.686,0.421,2.0508,1.921,2.921,0,1
8.6700,27.7323,2.6583,4.340,3,29.922,2.729,0.834,2.1910,2.334,3.334,1,0
8.6730,27.7452,2.6600,4.337,1,25.958,3.686,0.421,2.0612,1.921,2.921,0,1
8.6730,27.7452,2.6600,4.337,3,29.922,2.729,0.834,2.1781,2.334,3.334,1,0
8.6760,27.7582,2.6617,4.339,1,25.958,3.686,0.421,2.0716,1.921,2.921,0,1
8.6760,27.7582,2.6617,4.339,3,29.922,2.729,0.834,2.1651,2.334,3.334,1,0
8.6790,27.7711,2.6633,4.337,1,25.958,3.686,0.421,2.0820,1.921,2.921,0,1
8.6790,27.7711,2.6633,4.337,3,29.922,2.729,0.834,2.1521,2.334,3.334,1,0
8.6820,27.7840,2.6650,4.336,1,25.958,3.686,0.421,2.0924,1.921,2.921,0,1
8.6820,27.7840,2.6650,4.336,3,29.922,2.729,0.834,2.1392,2.334,3.334,1,0
8.6850,27.7969,2.6667,4.336,1,25.958,3.686,0.421,2.1029,1.921,2.921,0,1
8.6850,27.7969,2.6667,4.336,3,29.922,2.729,0.834,2.1262,2.334,3.334,1,0
8.6880,27.8098,2.6683,4.335,1,25.958,3.686,0.421,2.1134,1.921,2.921,0,1
8.6880,27.8098,2.6683,4.335,3,29.922,2.729,0.834,2.1133,2.334,3.334,1,0
8.6910,27.8228,2.6699,4.333,1,25.958,3.686,0.421,2.1240,1.921,2.921,0,1
8.6910,27.8228,2.6699,4.333,3,29.922,2.729,0.834,2.1003,2.334,3.334,1,0
8.6940,27.8357,2.6715,4.332,1,25.958,3.686,0.421,2.1345,1.921,2.921,0,1
8.6940,27.8357,2.6715,4.332,3,29.922,2.729,0.834,2.0874,2.334,3.334,1,0
8.6970,27.8486,2.6732,4.332,1,25.958,3.686,0.421,2.1452,1.921,2.921,0,1
8.6970,27.8486,2.6732,4.332,3,29.922,2.729,0.834,2.0744,2.334,3.334,1,0
8.7000,27.8615,2.6748,4.331,1,25.958,3.686,0.421,2.1558,1.921,2.921,0,1
8.7000,27.8615,2.6748,4.331,3,29.922,2.729,0.834,2.0615,2.334,3.334,1,0
8.7030,27.8744,2.6763,4.331,1,25.958,3.686,0.421,2.1665,1.921,2.921,0,1
8.7030,27.8744,2.6763,4.331,3,29.922,2.729,0.834,2.0485,2.334,3.334,1,0
8.7060,27.8873,2.6779,4.330,1,25.958,3.686,0.421,2.1772,1.921,2.921,0,1
8.7060,27.8873,2.6779,4.330,3,29.922,2.729,0.834,2.0356,2.334,3.334,1,0
8.7090,27.9002,2.6795,4.329,1,25.958,3.686,0.421,2.1879,1.921,2.921,0,1
8.7090,27.9002,2.6795,4.329,3,29.922,2.729,0.834,2.0226,2.334,3.334,1,0
8.7120,27.9131,2.6811,4.328,1,25.958,3.686,0.421,2.1986,1.921,2.921,0,1
8.7120,27.9131,2.6811,4.328,3,29.922,2.729,0.834,2.0097,2.334,3.334,1,0
8.7150,27.9261,2.6826,4.327,1,25.958,3.686,0.421,2.2094,1.921,2.921,0,1
8.7150,27.9261,2.6826,4.327,3,29.922,2.729,0.834,1.9967,2.334,3.334,1,0
8.7180,27.9390,2.6842,4.328,1,25.958,3.686,0.421,2.2202,1.921,2.921,0,1
8.7180,27.9390,2.6842,4.328,3,29.922,2.729,0.834,1.9838,2.334,3.334,1,0
8.7210,27.9519,2.6857,4.327,1,25.958,3.686,0.421,2.2311,1.921,2.921,0,1
8.7210,27.9519,2.6857,4.327,3,29.922,2.729,0.834,1.9708,2.334,3.334,1,0
8.7240,27.9648,2.6872,4.327,1,25.958,3.686,0.421,2.2419,1.921,2.921,0,1
8.7240,27.9648,2.6872,4.327,3,29.922,2.729,0.834,1.9579,2.334,3.334,1,0
8.7270,27.9777,2.6888,4.326,1,25.958,3.686,0.421,2.2528,1.921,2.921,0,1
8.7270,27.9777,2.6888,4.326,3,29.922,2.729,0.834,1.9450,2.334,3.334,1,0
8.7300,27.9906,2.6903,4.326,1,25.958,3.686,0.421,2.2637,1.921,2.921,0,1
8.7300,27.9906,2.6903,4.326,3,29.922,2.729,0.834,1.9320,2.334,3.334,1,0
8.7330,28.0035,2.6918,4.326,1,25.958,3.686,0.421,2.2747,1.921,2.921,0,1
8.7330,28.0035,2.6918,4.326,3,29.922,2.729,0.834,1.9191,2.334,3.334,1,0
8.7360,28.0164,2.6933,4.325,1,25.958,3.686,0.421,2.2856,1.921,2.921,0,1
8.7360,28.0164,2.6933,4.325,3,29.922,2.729,0.834,1.9062,2.334,3.334,1,0
8.7390,28.0293,2.6948,4.326,1,25.958,3.686,0.421,2.2966,1.921,2.921,0,1
8.7390,28.0293,2.6948,4.326,3,29.922,2.729,0.834,1.8932,2.334,3.334,1,0
8.7420,28.0422,2.6963,4.326,1,25.958,3.686,0.421,2.3076,1.921,2.921,0,1
8.7420,28.0422,2.6963,4.326,3,29.922,2.729,0.834,1.8803,2.334,3.334,1,0
8.7450,28.0551,2.6977,4.325,1,25.958,3.686,0.421,2.3187,1.921,2.921,0,1
8.7450,28.0551,2.6977,4.325,3,29.922,2.729,0.834,1.8674,2.334,3.334,1,0
8.7480,28.0680,2.6992,4.324,1,25.958,3.686,0.421,2.3297,1.921,2.921,0,1
8.7480,28.0680,2.6992,4.324,3,29.922,2.729,0.834,1.8545,2.334,3.334,1,0
8.7510,28.0809,2.7007,4.325,1,25.958,3.686,0.421,2.3408,1.921,2.921,0,1
8.7510,28.0809,2.7007,4.325,3,29.922,2.729,0.834,1.8415,2.334,3.334,1,0
8.7540,28.0938,2.7021,4.325,1,25.958,3.686,0.421,2.3519,1.921,2.921,0,1
8.7540,28.0938,2.7021,4.325,3,29.922,2.729,0.834,1.8286,2.334,3.334,1,0
8.7570,28.1067,2.7036,4.324,1,25.958,3.686,0.421,2.3630,1.921,2.921,0,1
8.7570,28.1067,2.7036,4.324,3,29.922,2.729,0.834,1.8157,2.334,3.334,1,0
8.7600,28.1196,2.7050,4.324,1,25.958,3.686,0.421,2.3742,1.921,2.921,0,1
8.7600,28.1196,2.7050,4.324,3,29.922,2.729,0.834,1.8028,2.334,3.334,1,0
8.7630,28.1325,2.7065,4.322,1,25.958,3.686,0.421,2.3853,1.921,2.921,0,1
8.7630,28.1325,2.7065,4.322,3,29.922,2.729,0.834,1.7899,2.334,3.334,1,0
8.7660,28.1454,2.7079,4.321,1,25.958,3.686,0.421,2.3965,1.921,2.921,0,1
8.7660,28.1454,2.7079,4.321,3,29.922,2.729,0.834,1.7770,2.334,3.334,1,0
8.7690,28.1583,2.7093,4.322,1,25.958,3.686,0.421,2.4077,1.921,2.921,0,1
8.7690,28.1583,2.7093,4.322,3,29.922,2.729,0.834,1.7640,2.334,3.334,1,0
8.7720,28.1712,2.7107,4.321,1,25.958,3.686,0.421,2.4189,1.921,2.921,0,1
8.7720,28.1712,2.7107,4.321,3,29.922,2.729,0.834,1.7511,2.334,3.334,1,0
8.7750,28.1841,2.7122,4.320,1,25.958,3.686,0.421,2.4301,1.921,2.921,0,1
8.7750,28.1841,2.7122,4.320,3,29.922,2.729,0.834,1.7382,2.334,3.334,1,0
8.7780,28.1970,2.7136,4.320,1,25.958,3.686,0.421,2.4414,1.921,2.921,0,1
8.7780,28.1970,2.7136,4.320,3,29.922,2.729,0.834,1.7253,2.334,3.334,1,0
8.7810,28.2099,2.7150,4.319,1,25.958,3.686,0.421,2.4526,1.921,2.921,0,1
8.7810,28.2099,2.7150,4.319,3,29.922,2.729,0.834,1.7124,2.334,3.334,1,0
8.7840,28.2227,2.7164,4.317,1,25.958,3.686,0.421,2.4639,1.921,2.921,0,1
8.7840,28.2227,2.7164,4.317,3,29.922,2.729,0.834,1.6996,2.334,3.334,1,0
8.7870,28.2356,2.7178,4.317,1,25.958,3.686,0.421,2.4752,1.921,2.921,0,1
8.7870,28.2356,2.7178,4.317,3,29.922,2.729,0.834,1.6867,2.334,3.334,1,0
8.7900,28.2485,2.7191,4.316,1,25.958,3.686,0.421,2.4866,1.921,2.921,0,1
8.7900,28.2485,2.7191,4.316,3,29.922,2.729,0.834,1.6738,2.334,3.334,1,0
8.7930,28.2614,2.7205,4.317,1,25.958,3.686,0.421,2.4979,1.921,2.921,0,1
8.7930,28.2614,2.7205,4.317,3,29.922,2.729,0.834,1.6609,2.334,3.334,1,0
8.7960,28.2743,2.7219,4.315,1,25.958,3.686,0.421,2.5092,1.921,2.921,0,1
8.7960,28.2743,2.7219,4.315,3,29.922,2.729,0.834,1.6480,2.334,3.334,1,0
8.7990,28.2871,2.7233,4.314,1,25.958,3.686,0.421,2.5206,1.921,2.921,0,1
8.7990,28.2871,2.7233,4.314,3,29.922,2.729,0.834,1.6351,2.334,3.334,1,0
8.8020,28.3000,2.7246,4.312,1,25.958,3.686,0.421,2.5320,1.921,2.921,0,1
8.8020,28.3000,2.7246,4.312,3,29.922,2.729,0.834,1.6222,2.334,3.334,1,0
8.8050,28.3129,2.7260,4.313,1,25.958,3.686,0.421,2.5434,1.921,2.921,0,1
8.8050,28.3129,2.7260,4.313,3,29.922,2.729,0.834,1.6094,2.334,3.334,1,0
8.8080,28.3258,2.7273,4.311,1,25.958,3.686,0.421,2.5548,1.921,2.921,0,1
8.8080,28.3258,2.7273,4.311,3,29.922,2.729,0.834,1.5965,2.334,3.334,1,0
8.8110,28.3386,2.7286,4.311,1,25.958,3.686,0.421,2.5663,1.921,2.921,0,1
8.8110,28.3386,2.7286,4.311,3,29.922,2.729,0.834,1.5836,2.334,3.334,1,0
8.8140,28.3515,2.7300,4.310,1,25.958,3.686,0.421,2.5777,1.921,2.921,0,1
8.8140,28.3515,2.7300,4.310,3,29.922,2.729,0.834,1.5707,2.334,3.334,1,0
8.8170,28.3644,2.7313,4.308,1,25.958,3.686,0.421,2.5892,1.921,2.921,0,1
8.8170,28.3644,2.7313,4.308,3,29.922,2.729,0.834,1.5579,2.334,3.334,1,0
8.8200,28.3772,2.7326,4.308,1,25.958,3.686,0.421,2.6007,1.921,2.921,0,1
8.8200,28.3772,2.7326,4.308,3,29.922,2.729,0.834,1.5450,2.334,3.334,1,0
8.8230,28.3901,2.7340,4.307,1,25.958,3.686,0.421,2.6122,1.921,2.921,0,1
8.8230,28.3901,2.7340,4.307,3,29.922,2.729,0.834,1.5321,2.334,3.334,1,0
8.8260,28.4030,2.7353,4.306,1,25.958,3.686,0.421,2.6237,1.921,2.921,0,1
8.8260,28.4030,2.7353,4.306,3,29.922,2.729,0.834,1.5193,2.334,3.334,1,0
8.8290,28.4158,2.7366,4.306,1,25.958,3.686,0.421,2.6352,1.921,2.921,0,1
8.8290,28.4158,2.7366,4.306,3,29.922,2.729,0.834,1.5064,2.334,3.334,1,0
8.8320,28.4287,2.7379,4.306,1,25.958,3.686,0.421,2.6467,1.921,2.921,0,1
8.8320,28.4287,2.7379,4.306,3,29.922,2.729,0.834,1.4936,2.334,3.334,1,0
8.8350,28.4416,2.7392,4.306,1,25.958,3.686,0.421,2.6583,1.921,2.921,0,1
8.8350,28.4416,2.7392,4.306,3,29.922,2.729,0.834,1.4807,2.334,3.334,1,0
8.8380,28.4544,2.7405,4.305,1,25.958,3.686,0.421,2.6698,1.921,2.921,0,1
8.8380,28.4544,2.7405,4.305,3,29.922,2.729,0.834,1.4679,2.334,3.334,1,0
8.8410,28.4673,2.7418,4.304,1,25.958,3.686,0.421,2.6814,1.921,2.921,0,1
8.8410,28.4673,2.7418,4.304,3,29.922,2.729,0.834,1.4550,2.334,3.334,1,0
8.8440,28.4802,2.7430,4.305,1,25.958,3.686,0.421,2.6930,1.921,2.921,0,1
8.8440,28.4802,2.7430,4.305,3,29.922,2.729,0.834,1.4422,2.334,3.334,1,0
8.8470,28.4930,2.7443,4.305,1,25.958,3.686,0.421,2.7046,1.921,2.921,0,1
8.8470,28.4930,2.7443,4.305,3,29.922,2.729,0.834,1.4293,2.334,3.334,1,0
8.8500,28.5059,2.7456,4.305,1,25.958,3.686,0.421,2.7163,1.921,2.921,0,1
8.8500,28.5059,2.7456,4.305,3,29.922,2.729,0.834,1.4164,2.334,3.334,1,0
8.8530,28.5188,2.7468,4.304,1,25.958,3.686,0.421,2.7279,1.921,2.921,0,1
8.8530,28.5188,2.7468,4.304,3,29.922,2.729,0.834,1.4036,2.334,3.334,1,0
8.8560,28.5316,2.7481,4.303,1,25.958,3.686,0.421,2.7395,1.921,2.921,0,1
8.8560,28.5316,2.7481,4.303,3,29.922,2.729,0.834,1.3908,2.334,3.334,1,0
8.8590,28.5445,2.7493,4.304,1,25.958,3.686,0.421,2.7512,1.921,2.921,0,1
8.8590,28.5445,2.7493,4.304,3,29.922,2.729,0.834,1.3779,2.334,3.334,1,0
8.8620,28.5573,2.7506,4.303,1,25.958,3.686,0.421,2.7629,1.921,2.921,0,1
8.8620,28.5573,2.7506,4.303,3,29.922,2.729,0.834,1.3651,2.334,3.334,1,0
8.8650,28.5702,2.7518,4.303,1,25.958,3.686,0.421,2.7746,1.921,2.921,0,1
8.8650,28.5702,2.7518,4.303,3,29.922,2.729,0.834,1.3522,2.334,3.334,1,0
8.8680,28.5831,2.7531,4.300,1,25.958,3.686,0.421,2.7863,1.921,2.921,0,1
8.8680,28.5831,2.7531,4.300,3,29.922,2.729,0.834,1.3394,2.334,3.334,1,0
8.8710,28.5959,2.7543,4.301,1,25.958,3.686,0.421,2.7980,1.921,2.921,0,1
8.8710,28.5959,2.7543,4.301,3,29.922,2.729,0.834,1.3266,2.334,3.334,1,0
8.8740,28.6088,2.7555,4.300,1,25.958,3.686,0.421,2.8097,1.921,2.921,0,1
8.8740,28.6088,2.7555,4.300,3,29.922,2.729,0.834,1.3137,2.334,3.334,1,0
8.8770,28.6216,2.7568,4.298,1,25.958,3.686,0.421,2.8214,1.921,2.921,0,1
8.8770,28.6216,2.7568,4.298,3,29.922,2.729,0.834,1.3009,2.334,3.334,1,0
8.8800,28.6345,2.7580,4.299,1,25.958,3.686,0.421,2.8331,1.921,2.921,0,1
8.8800,28.6345,2.7580,4.299,3,29.922,2.729,0.834,1.2881,2.334,3.334,1,0
8.8830,28.6473,2.7592,4.298,1,25.958,3.686,0.421,2.8449,1.921,2.921,0,1
8.8830,28.6473,2.7592,4.298,3,29.922,2.729,0.834,1.2753,2.334,3.334,1,0
8.8860,28.6602,2.7605,4.298,1,25.958,3.686,0.421,2.8566,1.921,2.921,0,1
8.8860,28.6602,2.7605,4.298,3,29.922,2.729,0.834,1.2625,2.334,3.334,1,0
8.8890,28.6730,2.7617,4.297,1,25.958,3.686,0.421,2.8684,1.921,2.921,0,1
8.8890,28.6730,2.7617,4.297,3,29.922,2.729,0.834,1.2497,2.334,3.334,1,0
8.8920,28.6858,2.7629,4.296,1,25.958,3.686,0.421,2.8802,1.921,2.921,0,1
8.8920,28.6858,2.7629,4.296,3,29.922,2.729,0.834,1.2369,2.334,3.334,1,0
8.8950,28.6987,2.7641,4.294,1,25.958,3.686,0.421,2.8919,1.921,2.921,0,1
8.8950,28.6987,2.7641,4.294,3,29.922,2.729,0.834,1.2241,2.334,3.334,1,0
8.8980,28.7115,2.7653,4.294,1,25.958,3.686,0.421,2.9037,1.921,2.921,0,1
8.8980,28.7115,2.7653,4.294,3,29.922,2.729,0.834,1.2113,2.334,3.334,1,0
8.9010,28.7244,2.7664,4.293,1,25.958,3.686,0.421,2.9155,1.921,2.921,0,1
8.9010,28.7244,2.7664,4.293,3,29.922,2.729,0.834,1.1985,2.334,3.334,1,0
8.9040,28.7372,2.7676,4.294,3,29.922,2.729,0.834,1.1857,2.334,3.334,1,0
8.9070,28.7500,2.7688,4.293,3,29.922,2.729,0.834,1.1729,2.334,3.334,1,0
8.9100,28.7629,2.7700,4.293,3,29.922,2.729,0.834,1.1601,2.334,3.334,1,0
8.9130,28.7757,2.7711,4.292,3,29.922,2.729,0.834,1.1473,2.334,3.334,1,0
8.9160,28.7885,2.7723,4.291,3,29.922,2.729,0.834,1.1346,2.334,3.334,1,0
8.9190,28.8013,2.7735,4.288,3,29.922,2.729,0.834,1.1218,2.334,3.334,1,0
8.9220,28.8142,2.7746,4.288,3,29.922,2.729,0.834,1.1090,2.334,3.334,1,0
8.9250,28.8270,2.7758,4.286,3,29.922,2.729,0.834,1.0963,2.334,3.334,1,0
8.9280,28.8398,2.7769,4.286,3,29.922,2.729,0.834,1.0835,2.334,3.334,1,0
8.9310,28.8526,2.7780,4.285,3,29.922,2.729,0.834,1.0708,2.334,3.334,1,0
8.9340,28.8654,2.7792,4.282,3,29.922,2.729,0.834,1.0580,2.334,3.334,1,0
8.9370,28.8782,2.7803,4.283,3,29.922,2.729,0.834,1.0453,2.334,3.334,1,0
8.9400,28.8911,2.7814,4.282,3,29.922,2.729,0.834,1.0325,2.334,3.334,1,0
8.9430,28.9039,2.7825,4.282,3,29.922,2.729,0.834,1.0198,2.334,3.334,1,0
8.9460,28.9167,2.7836,4.282,3,29.922,2.729,0.834,1.0071,2.334,3.334,1,0
8.9490,28.9295,2.7847,4.281,3,29.922,2.729,0.834,0.9943,2.334,3.334,1,0
8.9520,28.9423,2.7858,4.280,3,29.922,2.729,0.834,0.9816,2.334,3.334,1,0
8.9550,28.9551,2.7869,4.280,3,29.922,2.729,0.834,0.9689,2.334,3.334,1,0
8.9580,28.9679,2.7880,4.279,3,29.922,2.729,0.834,0.9562,2.334,3.334,1,0
8.9610,28.9807,2.7891,4.279,3,29.922,2.729,0.834,0.9435,2.334,3.334,1,0
8.9640,28.9935,2.7902,4.279,3,29.922,2.729,0.834,0.9308,2.334,3.334,1,0
8.9670,29.0063,2.7912,4.278,3,29.922,2.729,0.834,0.9181,2.334,3.334,1,0
8.9700,29.0191,2.7923,4.277,3,29.922,2.729,0.834,0.9054,2.334,3.334,1,0
8.9730,29.0319,2.7934,4.278,3,29.922,2.729,0.834,0.8927,2.334,3.334,1,0
8.9760,29.0447,2.7944,4.278,3,29.922,2.729,0.834,0.8800,2.334,3.334,1,0
8.9790,29.0575,2.7955,4.275,3,29.922,2.729,0.834,0.8673,2.334,3.334,1,0
8.9820,29.0703,2.7966,4.275,3,29.922,2.729,0.834,0.8546,2.334,3.334,1,0
8.9850,29.0831,2.7976,4.274,3,29.922,2.729,0.834,0.8419,2.334,3.334,1,0
8.9880,29.0959,2.7987,4.273,3,29.922,2.729,0.834,0.8293,2.334,3.334,1,0
8.9910,29.1087,2.7997,4.275,3,29.922,2.729,0.834,0.8166,2.334,3.334,1,0
8.9940,29.1215,2.8007,4.274,3,29.922,2.729,0.834,0.8040,2.334,3.334,1,0
8.9970,29.1343,2.8018,4.274,3,29.922,2.729,0.834,0.7913,2.334,3.334,1,0
9.0000,29.1471,2.8028,4.274,3,29.922,2.729,0.834,0.7787,2.334,3.334,1,0
9.0030,29.1599,2.8038,4.272,3,29.922,2.729,0.834,0.7660,2.334,3.334,1,0
9.0060,29.1727,2.8048,4.272,3,29.922,2.729,0.834,0.7534,2.334,3.334,1,0
9.0090,29.1855,2.8058,4.273,3,29.922,2.729,0.834,0.7408,2.334,3.334,1,0
9.0120,29.1983,2.8068,4.272,3,29.922,2.729,0.834,0.7282,2.334,3.334,1,0
9.0150,29.2111,2.8078,4.273,3,29.922,2.729,0.834,0.7156,2.334,3.334,1,0
9.0180,29.2239,2.8088,4.272,3,29.922,2.729,0.834,0.7030,2.334,3.334,1,0
9.0210,29.2367,2.8098,4.273,3,29.922,2.729,0.834,0.6904,2.334,3.334,1,0
9.0240,29.2495,2.8108,4.270,3,29.922,2.729,0.834,0.6778,2.334,3.334,1,0
9.0270,29.2623,2.8118,4.272,3,29.922,2.729,0.834,0.6652,2.334,3.334,1,0
9.0300,29.2750,2.8127,4.268,3,29.922,2.729,0.834,0.6527,2.334,3.334,1,0
9.0330,29.2878,2.8137,4.273,3,29.922,2.729,0.834,0.6401,2.334,3.334,1,0
9.0360,29.3006,2.8147,4.271,3,29.922,2.729,0.834,0.6276,2.334,3.334,1,0
9.0390,29.3134,2.8157,4.270,3,29.922,2.729,0.834,0.6150,2.334,3.334,1,0
9.0420,29.3262,2.8166,4.269,3,29.922,2.729,0.834,0.6025,2.334,3.334,1,0
9.0450,29.3390,2.8176,4.268,3,29.922,2.729,0.834,0.5900,2.334,3.334,1,0
9.0480,29.3518,2.8185,4.267,3,29.922,2.729,0.834,0.5775,2.334,3.334,1,0
9.0510,29.3645,2.8195,4.266,3,29.922,2.729,0.834,0.5651,2.334,3.334,1,0
9.0540,29.3773,2.8204,4.265,3,29.922,2.729,0.834,0.5526,2.334,3.334,1,0
9.0570,29.3901,2.8213,4.264,3,29.922,2.729,0.834,0.5402,2.334,3.334,1,0
9.0600,29.4029,2.8222,4.264,3,29.922,2.729,0.834,0.5277,2.334,3.334,1,0
9.0630,29.4157,2.8231,4.263,3,29.922,2.729,0.834,0.5153,2.334,3.334,1,0
9.0660,29.4284,2.8240,4.262,3,29.922,2.729,0.834,0.5029,2.334,3.334,1,0
9.0690,29.4412,2.8249,4.261,3,29.922,2.729,0.834,0.4906,2.334,3.334,1,0
9.0720,29.4540,2.8258,4.261,3,29.922,2.729,0.834,0.4782,2.334,3.334,1,0
9.0750,29.4668,2.8267,4.262,3,29.922,2.729,0.834,0.4659,2.334,3.334,1,0
9.0780,29.4796,2.8276,4.260,3,29.922,2.729,0.834,0.4536,2.334,3.334,1,0
9.0810,29.4923,2.8284,4.260,3,29.922,2.729,0.834,0.4414,2.334,3.334,1,0
9.0840,29.5051,2.8293,4.260,3,29.922,2.729,0.834,0.4291,2.334,3.334,1,0
9.0870,29.5179,2.8302,4.261,3,29.922,2.729,0.834,0.4169,2.334,3.334,1,0
9.0900,29.5307,2.8310,4.261,3,29.922,2.729,0.834,0.4048,2.334,3.334,1,0
9.0930,29.5434,2.8319,4.260,3,29.922,2.729,0.834,0.3926,2.334,3.334,1,0
9.0960,29.5562,2.8327,4.261,3,29.922,2.729,0.834,0.3806,2.334,3.334,1,0
9.0990,29.5690,2.8336,4.260,3,29.922,2.729,0.834,0.3685,2.334,3.334,1,0
9.1020,29.5818,2.8344,4.261,3,29.922,2.729,0.834,0.3566,2.334,3.334,1,0
9.1050,29.5945,2.8353,4.261,3,29.922,2.729,0.834,0.3446,2.334,3.334,1,0
9.1080,29.6073,2.8361,4.260,3,29.922,2.729,0.834,0.3328,2.334,3.334,1,0
9.1110,29.6201,2.8369,4.261,3,29.922,2.729,0.834,0.3210,2.334,3.334,1,0
9.1140,29.6328,2.8378,4.260,3,29.922,2.729,0.834,0.3093,2.334,3.334,1,0
9.1170,29.6456,2.8386,4.261,3,29.922,2.729,0.834,0.2977,2.334,3.334,1,0
9.1200,29.6584,2.8394,4.260,3,29.922,2.729,0.834,0.2862,2.334,3.334,1,0
9.1230,29.6712,2.8402,4.259,3,29.922,2.729,0.834,0.2748,2.334,3.334,1,0
9.1260,29.6839,2.8411,4.260,3,29.922,2.729,0.834,0.2635,2.334,3.334,1,0
9.1290,29.6967,2.8419,4.261,3,29.922,2.729,0.834,0.2524,2.334,3.334,1,0
9.1320,29.7095,2.8427,4.262,3,29.922,2.729,0.834,0.2414,2.334,3.334,1,0
9.1350,29.7223,2.8435,4.262,3,29.922,2.729,0.834,0.2307,2.334,3.334,1,0
9.1380,29.7350,2.8443,4.260,3,29.922,2.729,0.834,0.2201,2.334,3.334,1,0
9.1410,29.7478,2.8452,4.262,3,29.922,2.729,0.834,0.2098,2.334,3.334,1,0
9.1440,29.7606,2.8460,4.261,3,29.922,2.729,0.834,0.1998,2.334,3.334,1,0
9.1470,29.7733,2.8468,4.263,3,29.922,2.729,0.834,0.1901,2.334,3.334,1,0
9.1500,29.7861,2.8476,4.262,3,29.922,2.729,0.834,0.1808,2.334,3.334,1,0
9.1530,29.7989,2.8484,4.261,3,29.922,2.729,0.834,0.1720,2.334,3.334,1,0
9.1560,29.8116,2.8492,4.261,3,29.922,2.729,0.834,0.1636,2.334,3.334,1,0
9.1590,29.8244,2.8500,4.262,3,29.922,2.729,0.834,0.1559,2.334,3.334,1,0
9.1620,29.8372,2.8507,4.262,3,29.922,2.729,0.834,0.1489,2.334,3.334,1,0
9.1650,29.8500,2.8515,4.264,3,29.922,2.729,0.834,0.1426,2.334,3.334,1,0
9.1680,29.8627,2.8523,4.263,3,29.922,2.729,0.834,0.1373,2.334,3.334,1,0
9.1710,29.8755,2.8530,4.263,3,29.922,2.729,0.834,0.1330,2.334,3.334,1,0
9.1740,29.8883,2.8538,4.263,3,29.922,2.729,0.834,0.1298,2.334,3.334,1,0
9.1770,29.9010,2.8546,4.263,3,29.922,2.729,0.834,0.1278,2.334,3.334,1,0
9.1800,29.9138,2.8553,4.263,3,29.922,2.729,0.834,0.1270,2.334,3.334,1,0
9.1830,29.9266,2.8561,4.263,3,29.922,2.729,0.834,0.1276,2.334,3.334,1,0
9.1860,29.9394,2.8569,4.264,3,29.922,2.729,0.834,0.1294,2.334,3.334,1,0
9.1890,29.9521,2.8576,4.264,3,29.922,2.729,0.834,0.1325,2.334,3.334,1,0
9.1920,29.9649,2.8584,4.263,3,29.922,2.729,0.834,0.1367,2.334,3.334,1,0
9.1950,29.9777,2.8592,4.261,3,29.922,2.729,0.834,0.1419,2.334,3.334,1,0
9.1980,29.9904,2.8599,4.262,3,29.922,2.729,0.834,0.1480,2.334,3.334,1,0
9.2010,30.0032,2.8607,4.262,3,29.922,2.729,0.834,0.1549,2.334,3.334,1,0
9.2040,30.0159,2.8615,4.262,3,29.922,2.729,0.834,0.1626,2.334,3.334,1,0
9.2070,30.0287,2.8622,4.261,3,29.922,2.729,0.834,0.1709,2.334,3.334,1,0
9.2100,30.0415,2.8630,4.259,3,29.922,2.729,0.834,0.1796,2.334,3.334,1,0
9.2130,30.0542,2.8637,4.261,3,29.922,2.729,0.834,0.1889,2.334,3.334,1,0
9.2160,30.0670,2.8644,4.260,3,29.922,2.729,0.834,0.1985,2.334,3.334,1,0
9.2190,30.0797,2.8651,4.260,3,29.922,2.729,0.834,0.2085,2.334,3.334,1,0
9.2220,30.0925,2.8659,4.260,3,29.922,2.729,0.834,0.2187,2.334,3.334,1,0
9.2250,30.1053,2.8666,4.260,3,29.922,2.729,0.834,0.2292,2.334,3.334,1,0
9.2280,30.1180,2.8673,4.259,3,29.922,2.729,0.834,0.2399,2.334,3.334,1,0
9.2310,30.1308,2.8680,4.260,3,29.922,2.729,0.834,0.2508,2.334,3.334,1,0
9.2340,30.1435,2.8687,4.260,3,29.922,2.729,0.834,0.2619,2.334,3.334,1,0
9.2370,30.1563,2.8694,4.260,3,29.922,2.729,0.834,0.2732,2.334,3.334,1,0
9.2400,30.1691,2.8701,4.261,3,29.922,2.729,0.834,0.2845,2.334,3.334,1,0
9.2430,30.1818,2.8708,4.261,3,29.922,2.729,0.834,0.2960,2.334,3.334,1,0
9.2460,30.1946,2.8715,4.260,3,29.922,2.729,0.834,0.3076,2.334,3.334,1,0
9.2490,30.2074,2.8722,4.261,3,29.922,2.729,0.834,0.3192,2.334,3.334,1,0
9.2520,30.2201,2.8729,4.260,3,29.922,2.729,0.834,0.3310,2.334,3.334,1,0
9.2550,30.2329,2.8736,4.263,3,29.922,2.729,0.834,0.3428,2.334,3.334,1,0
9.2580,30.2456,2.8743,4.263,3,29.922,2.729,0.834,0.3547,2.334,3.334,1,0
9.2610,30.2584,2.8750,4.264,3,29.922,2.729,0.834,0.3667,2.334,3.334,1,0
9.2640,30.2712,2.8757,4.265,3,29.922,2.729,0.834,0.3787,2.334,3.334,1,0
9.2670,30.2840,2.8763,4.263,3,29.922,2.729,0.834,0.3907,2.334,3.334,1,0
9.2700,30.2967,2.8770,4.263,3,29.922,2.729,0.834,0.4028,2.334,3.334,1,0
9.2730,30.3095,2.8777,4.264,3,29.922,2.729,0.834,0.4150,2.334,3.334,1,0
9.2760,30.3223,2.8783,4.265,3,29.922,2.729,0.834,0.4271,2.334,3.334,1,0
9.2790,30.3350,2.8790,4.265,3,29.922,2.729,0.834,0.4393,2.334,3.334,1,0
9.2820,30.3478,2.8796,4.266,3,29.922,2.729,0.834,0.4516,2.334,3.334,1,0
9.2850,30.3606,2.8803,4.263,3,29.922,2.729,0.834,0.4639,2.334,3.334,1,0
9.2880,30.3734,2.8810,4.264,3,29.922,2.729,0.834,0.4762,2.334,3.334,1,0
9.2910,30.3861,2.8816,4.265,3,29.922,2.729,0.834,0.4885,2.334,3.334,1,0
9.2940,30.3989,2.8822,4.265,3,29.922,2.729,0.834,0.5008,2.334,3.334,1,0
9.2970,30.4117,2.8829,4.266,3,29.922,2.729,0.834,0.5132,2.334,3.334,1,0
9.3000,30.4245,2.8835,4.263,3,29.922,2.729,0.834,0.5256,2.334,3.334,1,0
9.3030,30.4372,2.8842,4.267,3,29.922,2.729,0.834,0.5380,2.334,3.334,1,0
9.3060,30.4500,2.8848,4.265,3,29.922,2.729,0.834,0.5504,2.334,3.334,1,0
9.3090,30.4628,2.8854,4.266,3,29.922,2.729,0.834,0.5628,2.334,3.334,1,0
9.3120,30.4756,2.8860,4.267,3,29.922,2.729,0.834,0.5753,2.334,3.334,1,0
9.3150,30.4884,2.8866,4.267,3,29.922,2.729,0.834,0.5878,2.334,3.334,1,0
9.3180,30.5012,2.8872,4.268,3,29.922,2.729,0.834,0.6003,2.334,3.334,1,0
9.3210,30.5140,2.8878,4.269,3,29.922,2.729,0.834,0.6128,2.334,3.334,1,0
9.3240,30.5268,2.8884,4.269,3,29.922,2.729,0.834,0.6253,2.334,3.334,1,0
9.3270,30.5395,2.8889,4.268,3,29.922,2.729,0.834,0.6378,2.334,3.334,1,0
9.3300,30.5523,2.8895,4.272,3,29.922,2.729,0.834,0.6503,2.334,3.334,1,0
9.3330,30.5651,2.8901,4.270,3,29.922,2.729,0.834,0.6629,2.334,3.334,1,0
9.3360,30.5779,2.8907,4.272,3,29.922,2.729,0.834,0.6754,2.334,3.334,1,0
9.3390,30.5907,2.8913,4.273,3,29.922,2.729,0.834,0.6880,2.334,3.334,1,0
9.3420,30.6036,2.8918,4.275,3,29.922,2.729,0.834,0.7006,2.334,3.334,1,0
9.3450,30.6164,2.8924,4.276,3,29.922,2.729,0.834,0.7132,2.334,3.334,1,0
9.3480,30.6292,2.8930,4.277,3,29.922,2.729,0.834,0.7258,2.334,3.334,1,0
9.3510,30.6420,2.8935,4.278,3,29.922,2.729,0.834,0.7384,2.334,3.334,1,0
9.3540,30.6548,2.8941,4.278,3,29.922,2.729,0.834,0.7510,2.334,3.334,1,0
9.3570,30.6676,2.8946,4.278,3,29.922,2.729,0.834,0.7637,2.334,3.334,1,0
9.3600,30.6805,2.8952,4.279,3,29.922,2.729,0.834,0.7763,2.334,3.334,1,0
9.3630,30.6933,2.8958,4.279,3,29.922,2.729,0.834,0.7890,2.334,3.334,1,0
9.3660,30.7061,2.8963,4.280,3,29.922,2.729,0.834,0.8016,2.334,3.334,1,0
9.3690,30.7190,2.8969,4.281,3,29.922,2.729,0.834,0.8143,2.334,3.334,1,0
9.3720,30.7318,2.8974,4.280,3,29.922,2.729,0.834,0.8270,2.334,3.334,1,0
9.3750,30.7446,2.8980,4.281,3,29.922,2.729,0.834,0.8396,2.334,3.334,1,0
9.3780,30.7574,2.8985,4.281,3,29.922,2.729,0.834,0.8523,2.334,3.334,1,0
9.3810,30.7703,2.8991,4.282,3,29.922,2.729,0.834,0.8650,2.334,3.334,1,0
9.3840,30.7831,2.8996,4.283,3,29.922,2.729,0.834,0.8777,2.334,3.334,1,0
9.3870,30.7960,2.9001,4.284,3,29.922,2.729,0.834,0.8904,2.334,3.334,1,0
9.3900,30.8088,2.9007,4.284,3,29.922,2.729,0.834,0.9031,2.334,3.334,1,0
9.3930,30.8216,2.9012,4.284,3,29.922,2.729,0.834,0.9158,2.334,3.334,1,0
9.3960,30.8345,2.9017,4.284,3,29.922,2.729,0.834,0.9285,2.334,3.334,1,0
9.3990,30.8473,2.9022,4.285,3,29.922,2.729,0.834,0.9413,2.334,3.334,1,0
9.4020,30.8602,2.9027,4.286,3,29.922,2.729,0.834,0.9540,2.334,3.334,1,0
9.4050,30.8730,2.9032,4.287,3,29.922,2.729,0.834,0.9667,2.334,3.334,1,0
9.4080,30.8859,2.9037,4.288,3,29.922,2.729,0.834,0.9795,2.334,3.334,1,0
9.4110,30.8988,2.9042,4.287,3,29.922,2.729,0.834,0.9922,2.334,3.334,1,0
9.4140,30.9116,2.9047,4.287,3,29.922,2.729,0.834,1.0049,2.334,3.334,1,0
9.4170,30.9245,2.9052,4.289,3,29.922,2.729,0.834,1.0177,2.334,3.334,1,0
9.4200,30.9374,2.9057,4.290,3,29.922,2.729,0.834,1.0305,2.334,3.334,1,0
9.4230,30.9503,2.9062,4.291,3,29.922,2.729,0.834,1.0432,2.334,3.334,1,0
9.4260,30.9631,2.9066,4.293,3,29.922,2.729,0.834,1.0560,2.334,3.334,1,0
9.4290,30.9760,2.9071,4.293,3,29.922,2.729,0.834,1.0688,2.334,3.334,1,0
9.4320,30.9889,2.9076,4.292,3,29.922,2.729,0.834,1.0816,2.334,3.334,1,0
9.4350,31.0018,2.9081,4.293,3,29.922,2.729,0.834,1.0944,2.334,3.334,1,0
9.4380,31.0147,2.9085,4.295,3,29.922,2.729,0.834,1.1072,2.334,3.334,1,0
9.4410,31.0276,2.9090,4.296,3,29.922,2.729,0.834,1.1200,2.334,3.334,1,0
9.4440,31.0405,2.9095,4.297,3,29.922,2.729,0.834,1.1328,2.334,3.334,1,0
9.4470,31.0534,2.9100,4.299,3,29.922,2.729,0.834,1.1456,2.334,3.334,1,0
9.4500,31.0663,2.9105,4.300,3,29.922,2.729,0.834,1.1584,2.334,3.334,1,0
9.4530,31.0792,2.9110,4.301,3,29.922,2.729,0.834,1.1712,2.334,3.334,1,0
9.4560,31.0921,2.9114,4.304,3,29.922,2.729,0.834,1.1841,2.334,3.334,1,0
9.4590,31.1050,2.9119,4.307,3,29.922,2.729,0.834,1.1969,2.334,3.334,1,0
9.4620,31.1179,2.9124,4.308,3,29.922,2.729,0.834,1.2097,2.334,3.334,1,0
9.4650,31.1309,2.9129,4.309,3,29.922,2.729,0.834,1.2226,2.334,3.334,1,0
9.4680,31.1438,2.9134,4.310,3,29.922,2.729,0.834,1.2354,2.334,3.334,1,0
9.4710,31.1567,2.9139,4.311,3,29.922,2.729,0.834,1.2483,2.334,3.334,1,0
9.4740,31.1697,2.9144,4.313,3,29.922,2.729,0.834,1.2612,2.334,3.334,1,0
9.4770,31.1826,2.9149,4.314,3,29.922,2.729,0.834,1.2740,2.334,3.334,1,0
9.4800,31.1955,2.9153,4.316,3,29.922,2.729,0.834,1.2869,2.334,3.334,1,0
9.4830,31.2085,2.9158,4.316,3,29.922,2.729,0.834,1.2998,2.334,3.334,1,0
9.4860,31.2214,2.9163,4.317,3,29.922,2.729,0.834,1.3127,2.334,3.334,1,0
9.4890,31.2344,2.9167,4.318,3,29.922,2.729,0.834,1.3256,2.334,3.334,1,0
9.4920,31.2473,2.9172,4.320,3,29.922,2.729,0.834,1.3385,2.334,3.334,1,0
9.4950,31.2603,2.9177,4.320,3,29.922,2.729,0.834,1.3513,2.334,3.334,1,0
9.4980,31.2733,2.9181,4.320,3,29.922,2.729,0.834,1.3642,2.334,3.334,1,0
9.5010,31.2862,2.9186,4.321,3,29.922,2.729,0.834,1.3771,2.334,3.334,1,0
9.5040,31.2992,2.9190,4.322,3,29.922,2.729,0.834,1.3900,2.334,3.334,1,0
9.5070,31.3121,2.9195,4.323,3,29.922,2.729,0.834,1.4030,2.334,3.334,1,0
9.5100,31.3251,2.9200,4.325,3,29.922,2.729,0.834,1.4159,2.334,3.334,1,0
9.5130,31.3381,2.9204,4.326,3,29.922,2.729,0.834,1.4288,2.334,3.334,1,0
9.5160,31.3511,2.9209,4.327,3,29.922,2.729,0.834,1.4417,2.334,3.334,1,0
9.5190,31.3640,2.9214,4.328,3,29.922,2.729,0.834,1.4546,2.334,3.334,1,0
9.5220,31.3770,2.9218,4.328,3,29.922,2.729,0.834,1.4676,2.334,3.334,1,0
9.5250,31.3900,2.9223,4.329,3,29.922,2.729,0.834,1.4805,2.334,3.334,1,0
9.5280,31.4030,2.9227,4.331,3,29.922,2.729,0.834,1.4934,2.334,3.334,1,0
9.5310,31.4160,2.9232,4.332,3,29.922,2.729,0.834,1.5064,2.334,3.334,1,0
9.5340,31.4290,2.9236,4.334,3,29.922,2.729,0.834,1.5193,2.334,3.334,1,0
9.5370,31.4420,2.9241,4.334,3,29.922,2.729,0.834,1.5323,2.334,3.334,1,0
9.5400,31.4550,2.9245,4.335,3,29.922,2.729,0.834,1.5452,2.334,3.334,1,0
9.5430,31.4680,2.9250,4.338,3,29.922,2.729,0.834,1.5582,2.334,3.334,1,0
9.5460,31.4810,2.9254,4.333,3,29.922,2.729,0.834,1.5712,2.334,3.334,1,0
9.5490,31.4940,2.9259,4.334,3,29.922,2.729,0.834,1.5841,2.334,3.334,1,0
9.5520,31.5070,2.9263,4.341,3,29.922,2.729,0.834,1.5971,2.334,3.334,1,0
9.5550,31.5201,2.9268,4.340,3,29.922,2.729,0.834,1.6101,2.334,3.334,1,0
9.5580,31.5331,2.9272,4.340,3,29.922,2.729,0.834,1.6230,2.334,3.334,1,0
9.5610,31.5461,2.9277,4.340,3,29.922,2.729,0.834,1.6360,2.334,3.334,1,0
9.5640,31.5591,2.9281,4.342,3,29.922,2.729,0.834,1.6490,2.334,3.334,1,0
9.5670,31.5722,2.9286,4.344,3,29.922,2.729,0.834,1.6620,2.334,3.334,1,0
9.5700,31.5852,2.9290,4.346,3,29.922,2.729,0.834,1.6750,2.334,3.334,1,0
9.5730,31.5982,2.9295,4.347,3,29.922,2.729,0.834,1.6880,2.334,3.334,1,0
9.5760,31.6113,2.9299,4.348,3,29.922,2.729,0.834,1.7010,2.334,3.334,1,0
9.5790,31.6243,2.9303,4.350,3,29.922,2.729,0.834,1.7140,2.334,3.334,1,0
9.5820,31.6374,2.9308,4.351,3,29.922,2.729,0.834,1.7270,2.334,3.334,1,0
9.5850,31.6504,2.9312,4.348,3,29.922,2.729,0.834,1.7400,2.334,3.334,1,0
9.5880,31.6635,2.9317,4.355,3,29.922,2.729,0.834,1.7530,2.334,3.334,1,0
9.5910,31.6765,2.9321,4.353,3,29.922,2.729,0.834,1.7660,2.334,3.334,1,0
9.5940,31.6896,2.9325,4.355,3,29.922,2.729,0.834,1.7791,2.334,3.334,1,0
9.5970,31.7026,2.9329,4.354,3,29.922,2.729,0.834,1.7921,2.334,3.334,1,0
9.6000,31.7157,2.9334,4.355,3,29.922,2.729,0.834,1.8051,2.334,3.334,1,0
9.6030,31.7288,2.9338,4.358,3,29.922,2.729,0.834,1.8181,2.334,3.334,1,0
9.6060,31.7418,2.9342,4.360,3,29.922,2.729,0.834,1.8312,2.334,3.334,1,0
9.6090,31.7549,2.9346,4.360,3,29.922,2.729,0.834,1.8442,2.334,3.334,1,0
9.6120,31.7680,2.9350,4.362,3,29.922,2.729,0.834,1.8573,2.334,3.334,1,0
9.6150,31.7811,2.9354,4.363,3,29.922,2.729,0.834,1.8703,2.334,3.334,1,0
9.6180,31.7942,2.9358,4.365,3,29.922,2.729,0.834,1.8834,2.334,3.334,1,0
9.6210,31.8073,2.9362,4.367,3,29.922,2.729,0.834,1.8964,2.334,3.334,1,0
9.6240,31.8204,2.9366,4.369,3,29.922,2.729,0.834,1.9095,2.334,3.334,1,0
9.6270,31.8335,2.9370,4.370,3,29.922,2.729,0.834,1.9225,2.334,3.334,1,0
9.6300,31.8466,2.9374,4.370,3,29.922,2.729,0.834,1.9356,2.334,3.334,1,0
9.6330,31.8597,2.9378,4.372,3,29.922,2.729,0.834,1.9487,2.334,3.334,1,0
9.6360,31.8728,2.9382,4.374,3,29.922,2.729,0.834,1.9618,2.334,3.334,1,0
9.6390,31.8859,2.9386,4.373,3,29.922,2.729,0.834,1.9748,2.334,3.334,1,0
9.6420,31.8990,2.9390,4.375,3,29.922,2.729,0.834,1.9879,2.334,3.334,1,0
9.6450,31.9121,2.9394,4.375,3,29.922,2.729,0.834,2.0010,2.334,3.334,1,0
9.6480,31.9252,2.9398,4.376,3,29.922,2.729,0.834,2.0141,2.334,3.334,1,0
9.6510,31.9384,2.9401,4.379,3,29.922,2.729,0.834,2.0272,2.334,3.334,1,0
9.6540,31.9515,2.9405,4.378,3,29.922,2.729,0.834,2.0403,2.334,3.334,1,0
9.6570,31.9646,2.9409,4.380,3,29.922,2.729,0.834,2.0534,2.334,3.334,1,0
9.6600,31.9777,2.9413,4.381,3,29.922,2.729,0.834,2.0665,2.334,3.334,1,0
9.6630,31.9909,2.9417,4.382,3,29.922,2.729,0.834,2.0796,2.334,3.334,1,0
9.6660,32.0040,2.9420,4.382,3,29.922,2.729,0.834,2.0927,2.334,3.334,1,0
9.6690,32.0171,2.9424,4.381,3,29.922,2.729,0.834,2.1058,2.334,3.334,1,0
9.6720,32.0303,2.9428,4.381,3,29.922,2.729,0.834,2.1189,2.334,3.334,1,0
9.6750,32.0434,2.9432,4.382,3,29.922,2.729,0.834,2.1320,2.334,3.334,1,0
9.6780,32.0566,2.9435,4.383,3,29.922,2.729,0.834,2.1451,2.334,3.334,1,0
9.6810,32.0697,2.9439,4.384,3,29.922,2.729,0.834,2.1582,2.334,3.334,1,0
9.6840,32.0829,2.9443,4.384,3,29.922,2.729,0.834,2.1714,2.334,3.334,1,0
9.6870,32.0960,2.9446,4.384,3,29.922,2.729,0.834,2.1845,2.334,3.334,1,0
9.6900,32.1092,2.9450,4.386,3,29.922,2.729,0.834,2.1976,2.334,3.334,1,0
9.6930,32.1223,2.9453,4.387,3,29.922,2.729,0.834,2.2107,2.334,3.334,1,0
9.6960,32.1355,2.9457,4.388,3,29.922,2.729,0.834,2.2239,2.334,3.334,1,0
9.6990,32.1487,2.9461,4.389,3,29.922,2.729,0.834,2.2370,2.334,3.334,1,0
9.7020,32.1618,2.9464,4.390,3,29.922,2.729,0.834,2.2502,2.334,3.334,1,0
9.7050,32.1750,2.9468,4.390,3,29.922,2.729,0.834,2.2633,2.334,3.334,1,0
9.7080,32.1882,2.9471,4.391,3,29.922,2.729,0.834,2.2765,2.334,3.334,1,0
9.7110,32.2014,2.9475,4.392,3,29.922,2.729,0.834,2.2896,2.334,3.334,1,0
9.7140,32.2146,2.9478,4.394,3,29.922,2.729,0.834,2.3028,2.334,3.334,1,0
9.7170,32.2277,2.9482,4.395,3,29.922,2.729,0.834,2.3159,2.334,3.334,1,0
9.7200,32.2409,2.9485,4.396,3,29.922,2.729,0.834,2.3291,2.334,3.334,1,0
9.7230,32.2541,2.9488,4.394,3,29.922,2.729,0.834,2.3423,2.334,3.334,0,1
9.7260,32.2673,2.9492,4.395,3,29.922,2.729,0.834,2.3554,2.334,3.334,0,1
9.7290,32.2805,2.9495,4.396,3,29.922,2.729,0.834,2.3686,2.334,3.334,0,1
9.7320,32.2937,2.9499,4.398,3,29.922,2.729,0.834,2.3818,2.334,3.334,0,1
9.7350,32.3069,2.9502,4.397,3,29.922,2.729,0.834,2.3949,2.334,3.334,0,1
9.7380,32.3201,2.9506,4.399,3,29.922,2.729,0.834,2.4081,2.334,3.334,0,1
9.7410,32.3333,2.9509,4.399,3,29.922,2.729,0.834,2.4213,2.334,3.334,0,1
9.7440,32.3465,2.9513,4.400,3,29.922,2.729,0.834,2.4345,2.334,3.334,0,1
9.7470,32.3597,2.9516,4.402,3,29.922,2.729,0.834,2.4477,2.334,3.334,0,1
9.7500,32.3729,2.9520,4.404,3,29.922,2.729,0.834,2.4609,2.334,3.334,0,1
9.7530,32.3862,2.9523,4.406,3,29.922,2.729,0.834,2.4741,2.334,3.334,0,1
9.7560,32.3994,2.9527,4.406,3,29.922,2.729,0.834,2.4873,2.334,3.334,0,1
9.7590,32.4126,2.9531,4.407,3,29.922,2.729,0.834,2.5005,2.334,3.334,0,1
9.7620,32.4258,2.9534,4.408,3,29.922,2.729,0.834,2.5137,2.334,3.334,0,1
9.7650,32.4391,2.9538,4.410,3,29.922,2.729,0.834,2.5269,2.334,3.334,0,1
9.7680,32.4523,2.9541,4.412,3,29.922,2.729,0.834,2.5401,2.334,3.334,0,1
9.7710,32.4655,2.9545,4.413,3,29.922,2.729,0.834,2.5533,2.334,3.334,0,1
9.7740,32.4788,2.9549,4.414,3,29.922,2.729,0.834,2.5665,2.334,3.334,0,1
9.7770,32.4920,2.9552,4.414,3,29.922,2.729,0.834,2.5797,2.334,3.334,0,1
9.7800,32.5053,2.9556,4.415,3,29.922,2.729,0.834,2.5930,2.334,3.334,0,1
9.7830,32.5185,2.9559,4.417,3,29.922,2.729,0.834,2.6062,2.334,3.334,0,1
9.7860,32.5317,2.9563,4.418,3,29.922,2.729,0.834,2.6194,2.334,3.334,0,1
9.7890,32.5450,2.9567,4.420,3,29.922,2.729,0.834,2.6327,2.334,3.334,0,1
9.7920,32.5583,2.9570,4.421,3,29.922,2.729,0.834,2.6459,2.334,3.334,0,1
9.7950,32.5715,2.9574,4.420,3,29.922,2.729,0.834,2.6591,2.334,3.334,0,1
9.7980,32.5848,2.9578,4.421,3,29.922,2.729,0.834,2.6724,2.334,3.334,0,1
9.8010,32.5980,2.9581,4.421,3,29.922,2.729,0.834,2.6856,2.334,3.334,0,1
9.8040,32.6113,2.9585,4.423,3,29.922,2.729,0.834,2.6988,2.334,3.334,0,1
9.8070,32.6245,2.9588,4.424,3,29.922,2.729,0.834,2.7121,2.334,3.334,0,1
9.8100,32.6378,2.9592,4.426,3,29.922,2.729,0.834,2.7253,2.334,3.334,0,1
9.8130,32.6511,2.9596,4.427,3,29.922,2.729,0.834,2.7386,2.334,3.334,0,1
9.8160,32.6644,2.9599,4.428,3,29.922,2.729,0.834,2.7519,2.334,3.334,0,1
9.8190,32.6776,2.9603,4.428,3,29.922,2.729,0.834,2.7651,2.334,3.334,0,1
9.8220,32.6909,2.9606,4.430,3,29.922,2.729,0.834,2.7784,2.334,3.334,0,1
9.8250,32.7042,2.9610,4.429,3,29.922,2.729,0.834,2.7916,2.334,3.334,0,1
9.8280,32.7175,2.9613,4.430,3,29.922,2.729,0.834,2.8049,2.334,3.334,0,1
9.8310,32.7308,2.9617,4.432,3,29.922,2.729,0.834,2.8182,2.334,3.334,0,1
9.8340,32.7440,2.9621,4.432,3,29.922,2.729,0.834,2.8314,2.334,3.334,0,1
9.8370,32.7573,2.9624,4.433,3,29.922,2.729,0.834,2.8447,2.334,3.334,0,1
9.8400,32.7706,2.9628,4.434,3,29.922,2.729,0.834,2.8580,2.334,3.334,0,1
9.8430,32.7839,2.9631,4.435,3,29.922,2.729,0.834,2.8713,2.334,3.334,0,1
9.8460,32.7972,2.9635,4.435,3,29.922,2.729,0.834,2.8846,2.334,3.334,0,1
9.8490,32.8105,2.9638,4.436,3,29.922,2.729,0.834,2.8979,2.334,3.334,0,1
9.8520,32.8238,2.9642,4.436,3,29.922,2.729,0.834,2.9111,2.334,3.334,0,1
9.8550,32.8371,2.9645,4.436,3,29.922,2.729,0.834,2.9244,2.334,3.334,0,1
9.8580,32.8504,2.9648,4.437,3,29.922,2.729,0.834,2.9377,2.334,3.334,0,1
9.8610,32.8637,2.9652,4.438,3,29.922,2.729,0.834,2.9510,2.334,3.334,0,1
9.8640,32.8771,2.9655,4.438,3,29.922,2.729,0.834,2.9643,2.334,3.334,0,1
9.8670,32.8904,2.9659,4.439,3,29.922,2.729,0.834,2.9776,2.334,3.334,0,1
9.8700,32.9037,2.9662,4.440,3,29.922,2.729,0.834,2.9909,2.334,3.334,0,1
9.8730,32.9170,2.9666,4.440,3,29.922,2.729,0.834,3.0042,2.334,3.334,0,1
9.8760,32.9303,2.9669,4.441,3,29.922,2.729,0.834,3.0175,2.334,3.334,0,1
9.8790,32.9436,2.9673,4.442,3,29.922,2.729,0.834,3.0308,2.334,3.334,0,1
9.8820,32.9570,2.9676,4.442,3,29.922,2.729,0.834,3.0441,2.334,3.334,0,1
9.8850,32.9703,2.9679,4.444,3,29.922,2.729,0.834,3.0574,2.334,3.334,0,1
9.8880,32.9836,2.9683,4.444,3,29.922,2.729,0.834,3.0707,2.334,3.334,0,1
9.8910,32.9969,2.9686,4.444,3,29.922,2.729,0.834,3.0841,2.334,3.334,0,1
9.8940,33.0103,2.9689,4.445,3,29.922,2.729,0.834,3.0974,2.334,3.334,0,1
9.8970,33.0236,2.9693,4.446,3,29.922,2.729,0.834,3.1107,2.334,3.334,0,1
9.9000,33.0369,2.9696,4.446,3,29.922,2.729,0.834,3.1240,2.334,3.334,0,1
9.9030,33.0503,2.9699,4.447,3,29.922,2.729,0.834,3.1373,2.334,3.334,0,1
9.9060,33.0636,2.9702,4.448,3,29.922,2.729,0.834,3.1507,2.334,3.334,0,1
9.9090,33.0770,2.9705,4.448,3,29.922,2.729,0.834,3.1640,2.334,3.334,0,1
9.9120,33.0903,2.9708,4.449,3,29.922,2.729,0.834,3.1773,2.334,3.334,0,1
9.9150,33.1037,2.9711,4.450,3,29.922,2.729,0.834,3.1906,2.334,3.334,0,1
9.9180,33.1170,2.9713,4.450,3,29.922,2.729,0.834,3.2040,2.334,3.334,0,1
9.9210,33.1304,2.9716,4.452,3,29.922,2.729,0.834,3.2173,2.334,3.334,0,1
9.9240,33.1437,2.9719,4.453,3,29.922,2.729,0.834,3.2306,2.334,3.334,0,1
9.9270,33.1571,2.9722,4.453,3,29.922,2.729,0.834,3.2440,2.334,3.334,0,1
9.9300,33.1704,2.9724,4.454,3,29.922,2.729,0.834,3.2573,2.334,3.334,0,1
9.9330,33.1838,2.9727,4.453,3,29.922,2.729,0.834,3.2707,2.334,3.334,0,1
9.9360,33.1971,2.9730,4.455,3,29.922,2.729,0.834,3.2840,2.334,3.334,0,1
9.9390,33.2105,2.9732,4.456,3,29.922,2.729,0.834,3.2973,2.334,3.334,0,1
9.9420,33.2239,2.9735,4.457,3,29.922,2.729,0.834,3.3107,2.334,3.334,0,1
9.9450,33.2372,2.9737,4.458,3,29.922,2.729,0.834,3.3240,2.334,3.334,0,1
