time,x,y,psi,u,v,omega,theta,pos_err,e_lat,v_max_path,delta_cmd,ax_cmd,vtheta_cmd,steering,throttle,braking,solve_time_ms,mpc_cost
0.0120,-0.0374,-0.0097,0.0016,-0.0413,-0.0720,-0.0001,0.0000,0.0387,-0.0097,5.0000,0.0000,0.0000,0.0000,0.0000,0.0000,0.0000,1.371,970500.0000
0.0240,0.0399,0.0186,-0.0020,-0.0209,-0.0075,0.0009,0.0000,0.0440,0.0186,5.0000,-0.0120,0.0360,3.2183,-0.0227,0.0144,0.0000,1.205,17480723.0200
0.0360,0.0701,-0.0063,-0.0014,-0.0232,-0.0249,0.0034,0.0000,0.0704,-0.0063,5.0000,-0.0240,0.0691,2.7377,-0.0455,0.0276,0.0000,1.407,16783380.7699
0.0480,0.0009,-0.0536,-0.0113,-0.0424,0.0647,0.0083,0.0000,0.0536,-0.0536,5.0000,-0.0360,0.1051,5.0000,-0.0682,0.0420,0.0000,1.401,14573524.5953
0.0600,-0.0181,0.0287,-0.0036,-0.0056,-0.0277,0.0081,0.0000,0.0339,0.0287,5.0000,-0.0240,0.1411,5.0000,-0.0455,0.0564,0.0000,1.109,765616.8308
0.0720,0.1068,0.0418,0.0030,0.0495,-0.1309,-0.0088,0.0000,0.1147,0.0418,5.0000,-0.0360,0.1771,5.0000,-0.0682,0.0708,0.0000,1.035,309380.1161
0.0840,0.1157,-0.0769,-0.0052,0.0214,0.0249,-0.0099,0.0000,0.1390,-0.0769,5.0000,-0.0245,0.2131,5.0000,-0.0465,0.0852,0.0000,1.146,306361.7559
0.0960,0.0213,0.0615,0.0054,0.0390,-0.0664,-0.0048,0.0000,0.0650,0.0615,5.0000,-0.0130,0.2491,5.0000,-0.0245,0.0996,0.0000,1.228,528257.2023
0.1080,0.1210,0.0280,-0.0040,0.0364,0.1125,0.0006,0.0000,0.1242,0.0280,5.0000,-0.0250,0.2851,5.0000,-0.0473,0.1140,0.0000,1.035,534666.6459
0.1200,0.0481,-0.0982,0.0010,-0.0846,-0.0417,0.0058,0.0000,0.1094,-0.0982,5.0000,-0.0370,0.3211,5.0000,-0.0700,0.1284,0.0000,1.316,532764.3078
0.1320,0.1572,-0.0559,0.0101,0.0653,0.0214,0.0049,0.2500,0.1083,-0.0559,5.0000,-0.0490,0.3571,5.0000,-0.0927,0.1428,0.0000,1.056,491590.7052
0.1440,0.1323,0.0683,0.0083,0.0149,-0.0023,0.0045,0.2500,0.1361,0.0683,5.0000,-0.0610,0.3931,5.0000,-0.1154,0.1572,0.0000,0.986,554139.7237
0.1560,0.0636,-0.0441,-0.0014,0.0625,-0.0064,0.0060,0.0000,0.0774,-0.0441,5.0000,-0.0730,0.4291,5.0000,-0.1382,0.1716,0.0000,0.790,547182.3158
0.1680,0.0676,-0.0126,-0.0018,0.0346,-0.0004,0.0103,0.0000,0.0688,-0.0126,5.0000,-0.0850,0.4651,5.0000,-0.1609,0.1860,0.0000,0.835,504706.3008
0.1800,-0.0157,0.0469,-0.0026,0.0566,-0.0390,0.0110,0.0000,0.0494,0.0469,5.0000,-0.0970,0.5011,5.0000,-0.1836,0.2004,0.0000,0.806,508876.0048
0.1920,0.0581,-0.0043,0.0058,0.0887,0.0153,0.0035,0.0000,0.0582,-0.0043,5.0000,-0.1090,0.5371,5.0000,-0.2064,0.2148,0.0000,0.883,481238.4408
0.2040,-0.0019,-0.0500,0.0027,0.0237,0.0672,0.0027,0.0000,0.0501,-0.0500,5.0000,-0.1210,0.5731,5.0000,-0.2291,0.2292,0.0000,0.805,505492.9154
0.2160,0.0861,0.0143,0.0005,-0.0335,0.0198,-0.0002,0.0000,0.0873,0.0143,5.0000,-0.1330,0.6091,5.0000,-0.2518,0.2436,0.0000,0.805,491541.7278
0.2280,0.0870,0.0135,0.0037,-0.0330,0.0755,-0.0023,0.0000,0.0880,0.0135,5.0000,-0.1450,0.6451,5.0000,-0.2745,0.2580,0.0000,0.804,486382.3696
0.2400,0.1385,0.0180,0.0062,-0.0349,-0.0179,-0.0045,0.2500,0.1130,0.0180,5.0000,-0.1570,0.6811,5.0000,-0.2973,0.2724,0.0000,0.798,472561.3589
0.2520,0.1023,0.0119,0.0137,0.0243,0.0452,0.0107,0.0000,0.1030,0.0119,5.0000,-0.1690,0.7171,5.0000,-0.3200,0.2868,0.0000,0.788,511443.5758
0.2640,0.0411,-0.1077,-0.0028,0.0356,-0.0207,0.0123,0.0000,0.1153,-0.1077,5.0000,-0.1810,0.7531,5.0000,-0.3427,0.3012,0.0000,0.901,468409.9866
0.2760,0.0606,-0.0383,0.0012,-0.0665,0.0064,0.0139,0.0000,0.0717,-0.0383,5.0000,-0.1930,0.7891,5.0000,-0.3654,0.3156,0.0000,0.849,470658.7970
0.2880,0.0893,0.0109,0.0035,0.0939,-0.0356,-0.0031,0.0000,0.0899,0.0109,5.0000,-0.2050,0.8251,5.0000,-0.3882,0.3300,0.0000,0.772,437992.4311
0.3000,0.0131,-0.0137,0.0059,-0.0056,0.0700,0.0052,0.0000,0.0189,-0.0137,5.0000,-0.2170,0.8611,5.0000,-0.4109,0.3444,0.0000,0.954,470746.0800
0.3120,0.0188,-0.0151,0.0101,0.0275,0.0008,0.0082,0.0000,0.0241,-0.0151,5.0000,-0.2290,0.8971,5.0000,-0.4336,0.3588,0.0000,0.802,458111.1373
0.3240,0.0368,-0.0026,-0.0021,0.0535,-0.0191,0.0096,0.0000,0.0369,-0.0026,5.0000,-0.2410,0.9331,5.0000,-0.4564,0.3732,0.0000,0.828,443519.1060
0.3360,0.0248,-0.0938,0.0049,0.0685,-0.0084,0.0066,0.0000,0.0970,-0.0938,5.0000,-0.2530,0.9691,5.0000,-0.4791,0.3876,0.0000,0.772,437044.0445
0.3480,0.0741,-0.0030,-0.0019,-0.0857,0.0732,-0.0043,0.0000,0.0742,-0.0030,5.0000,-0.2650,1.0051,5.0000,-0.5018,0.4020,0.0000,0.787,442143.8304
0.3600,0.0583,-0.0491,0.0038,0.0339,0.0178,0.0036,0.0000,0.0762,-0.0491,5.0000,-0.2770,1.0411,5.0000,-0.5245,0.4164,0.0000,0.876,431756.4020
0.3720,-0.0164,-0.0279,0.0039,0.0223,0.0282,0.0103,0.0000,0.0323,-0.0279,5.0000,-0.2890,1.0771,5.0000,-0.5473,0.4308,0.0000,0.817,443737.6499
0.3840,0.0361,-0.0046,-0.0018,-0.0399,0.0895,0.0153,0.0000,0.0364,-0.0046,5.0000,-0.3010,1.1131,5.0000,-0.5700,0.4452,0.0000,0.852,436940.3123
0.3960,0.1476,-0.0039,0.0010,0.0076,0.0136,0.0078,0.2500,0.1024,-0.0039,5.0000,-0.3130,1.1491,5.0000,-0.5927,0.4596,0.0000,0.736,413428.3894
0.4080,0.0446,0.0032,0.0137,0.0479,0.0676,-0.0021,0.0000,0.0447,0.0032,5.0000,-0.3250,1.1851,5.0000,-0.6154,0.4740,0.0000,0.830,458839.3449
0.4200,-0.0022,0.0366,-0.0035,-0.0004,0.0313,0.0082,0.0000,0.0367,0.0366,5.0000,-0.3370,1.2211,5.0000,-0.6382,0.4884,0.0000,0.814,432589.3504
0.4320,-0.0037,-0.0692,0.0026,0.0489,-0.0346,0.0076,0.0000,0.0693,-0.0692,5.0000,-0.3435,1.2571,5.0000,-0.6505,0.5028,0.0000,0.841,416580.4822
0.4440,0.0888,-0.0687,-0.0005,-0.0083,-0.0068,0.0005,0.0000,0.1123,-0.0687,5.0000,-0.3446,1.2931,5.0000,-0.6527,0.5172,0.0000,0.806,410062.5585
0.4560,0.0384,-0.0110,0.0058,-0.0270,-0.0378,-0.0054,0.0000,0.0400,-0.0110,5.0000,-0.3563,1.3291,5.0000,-0.6747,0.5316,0.0000,0.817,415691.6402
0.4680,0.1477,-0.0140,-0.0064,0.0505,0.0491,-0.0053,0.2500,0.1032,-0.0140,5.0000,-0.3630,1.3651,5.0000,-0.6874,0.5460,0.0000,1.269,382375.0954
0.4800,0.0213,-0.0081,0.0025,0.0978,-0.0863,0.0016,0.0000,0.0227,-0.0081,5.0000,-0.3677,1.4011,5.0000,-0.6963,0.5604,0.0000,1.144,429495.5269
0.4920,0.0960,0.0130,0.0083,0.0230,0.0060,0.0140,0.0000,0.0968,0.0130,5.0000,-0.3797,1.4371,5.0000,-0.7190,0.5748,0.0000,1.038,393391.3646
0.5040,-0.0222,0.0648,0.0041,0.0472,0.0513,0.0203,0.0000,0.0685,0.0648,5.0000,-0.3677,1.4731,5.0000,-0.6963,0.5892,0.0000,1.075,405283.6178
0.5160,0.0256,0.0070,0.0073,0.1434,-0.0355,0.0159,0.0000,0.0265,0.0070,5.0000,-0.3797,1.5091,5.0000,-0.7190,0.6036,0.0000,1.092,363538.9000
0.5280,0.0581,0.0791,0.0066,0.1288,-0.0386,0.0227,0.0000,0.0981,0.0791,5.0000,-0.3845,1.5451,5.0000,-0.7282,0.6180,0.0000,1.087,366940.7311
0.5400,0.0589,0.0090,0.0104,0.0825,0.0260,-0.0030,0.0000,0.0596,0.0090,5.0000,-0.3934,1.5811,5.0000,-0.7451,0.6324,0.0000,1.042,374415.0023
0.5520,0.0776,-0.0092,0.0029,0.0668,-0.0552,-0.0145,0.0000,0.0782,-0.0092,5.0000,-0.4012,1.6171,5.0000,-0.7598,0.6468,0.0000,1.035,378312.8280
0.5640,0.0184,0.0332,0.0079,0.0524,-0.0637,0.0048,0.0000,0.0380,0.0332,5.0000,-0.4132,1.6531,5.0000,-0.7825,0.6612,0.0000,1.228,383386.3357
0.5760,0.0470,0.0004,0.0004,0.0684,-0.0576,0.0041,0.0000,0.0470,0.0004,5.0000,-0.4012,1.6891,5.0000,-0.7598,0.6756,0.0000,1.193,370464.6495
0.5880,0.1705,0.0479,-0.0021,-0.0116,-0.0356,-0.0053,0.2500,0.0928,0.0479,5.0000,-0.4036,1.7251,5.0000,-0.7644,0.6900,0.0000,1.125,369586.0953
0.6000,-0.0475,-0.0048,0.0014,-0.0326,0.0509,-0.0080,0.0000,0.0478,-0.0048,5.0000,-0.4070,1.7611,5.0000,-0.7709,0.7044,0.0000,1.061,439346.4377
0.6120,0.0790,-0.0288,-0.0026,-0.0669,-0.0457,-0.0063,0.0000,0.0841,-0.0288,5.0000,-0.3975,1.7971,5.0000,-0.7529,0.7188,0.0000,1.069,375742.8007
0.6240,0.0414,0.0140,-0.0103,-0.0159,-0.0017,-0.0120,0.0000,0.0437,0.0140,5.0000,-0.3958,1.8331,5.0000,-0.7496,0.7332,0.0000,1.023,380129.5892
0.6360,0.1490,-0.0026,-0.0081,-0.0261,0.0242,-0.0064,0.2500,0.1011,-0.0026,5.0000,-0.3895,1.8691,5.0000,-0.7377,0.7476,0.0000,1.071,361061.4062
0.6480,0.0036,0.0417,0.0002,-0.1431,0.0423,-0.0013,0.0000,0.0419,0.0417,5.0000,-0.3872,1.9051,5.0000,-0.7334,0.7620,0.0000,1.149,421793.7156
0.6600,0.1059,-0.0459,0.0043,0.0129,0.0195,0.0011,0.0000,0.1154,-0.0459,5.0000,-0.3791,1.9411,5.0000,-0.7181,0.7764,0.0000,1.194,360854.1824
0.6720,0.0659,0.0152,-0.0054,-0.1041,0.0608,0.0053,0.0000,0.0676,0.0152,5.0000,-0.3771,1.9771,5.0000,-0.7141,0.7908,0.0000,1.172,368462.7346
0.6840,0.1047,0.1183,0.0010,0.0500,0.0178,0.0114,0.0000,0.1580,0.1183,5.0000,-0.3759,2.0131,5.0000,-0.7119,0.8052,0.0000,1.207,351792.7917
0.6960,0.0430,0.0053,0.0072,-0.0169,0.0696,0.0142,0.0000,0.0434,0.0053,5.0000,-0.3672,2.0491,5.0000,-0.6955,0.8196,0.0000,1.093,369327.4360
0.7080,-0.0031,-0.0607,0.0064,0.0029,0.0712,0.0001,0.0000,0.0607,-0.0607,5.0000,-0.3605,2.0851,5.0000,-0.6828,0.8340,0.0000,1.039,374778.4164
0.7200,0.0355,0.0698,0.0062,0.0550,0.0510,0.0012,0.0000,0.0783,0.0698,5.0000,-0.3619,2.1211,5.0000,-0.6854,0.8484,0.0000,1.072,356699.5632
0.7320,-0.0502,-0.0260,0.0104,0.0448,0.0552,0.0182,0.0000,0.0565,-0.0260,5.0000,-0.3544,2.1571,5.0000,-0.6713,0.8628,0.0000,1.056,370226.9154
0.7440,-0.0213,0.0264,-0.0005,0.0404,0.0260,0.0110,0.0000,0.0339,0.0264,5.0000,-0.3562,2.1931,5.0000,-0.6746,0.8772,0.0000,1.065,365781.1291
0.7560,-0.0064,0.0267,0.0058,0.0295,0.0524,0.0022,0.0000,0.0274,0.0267,5.0000,-0.3492,2.2291,5.0000,-0.6614,0.8916,0.0000,1.058,364556.8592
0.7680,0.0044,0.0951,0.0084,0.0401,0.1303,0.0056,0.0000,0.0952,0.0951,5.0000,-0.3495,2.2616,5.0000,-0.6619,0.9046,0.0000,1.198,360431.5346
0.7800,0.0964,-0.0146,0.0009,0.0346,0.0293,0.0247,0.0000,0.0975,-0.0146,5.0000,-0.3409,2.2902,5.0000,-0.6456,0.9161,0.0000,1.174,346818.5648
0.7920,0.0949,-0.0021,-0.0017,0.0356,0.0259,-0.0119,0.0000,0.0949,-0.0021,5.0000,-0.3426,2.3154,5.0000,-0.6488,0.9262,0.0000,1.126,346704.8220
0.8040,0.0393,-0.0353,0.0061,0.0570,0.0444,0.0010,0.0000,0.0528,-0.0353,5.0000,-0.3353,2.3375,5.0000,-0.6351,0.9350,0.0000,1.105,349757.5504
0.8160,0.0259,-0.0547,-0.0047,0.0816,0.0928,0.0125,0.0000,0.0605,-0.0547,5.0000,-0.3293,2.3570,5.0000,-0.6236,0.9428,0.0000,1.019,345216.1699
0.8280,0.0740,0.0661,0.0120,0.1791,0.1254,0.0068,0.0000,0.0993,0.0661,5.0000,-0.3266,2.3742,5.0000,-0.6187,0.9497,0.0000,1.020,318145.6256
0.8400,0.1373,0.0575,-0.0012,0.0724,-0.0108,-0.0041,0.2500,0.1265,0.0575,5.0000,-0.3251,2.3893,5.0000,-0.6157,0.9557,0.0000,1.076,332103.9410
0.8520,0.0836,-0.0029,-0.0008,0.1602,0.0385,-0.0149,0.0000,0.0837,-0.0029,5.0000,-0.3191,2.4026,5.0000,-0.6043,0.9610,0.0000,1.089,356423.2556
0.8640,0.0885,-0.0412,0.0009,0.0890,0.0373,-0.0292,0.0000,0.0976,-0.0412,5.0000,-0.3139,2.4143,5.0000,-0.5945,0.9657,0.0000,1.023,334121.4309
0.8760,0.1166,0.0924,0.0021,0.2311,0.0591,-0.0317,0.0000,0.1487,0.0924,5.0000,-0.3136,2.4246,5.0000,-0.5938,0.9698,0.0000,1.037,300456.3367
0.8880,0.1215,0.0266,-0.0012,0.1742,-0.0257,-0.0290,0.0000,0.1244,0.0266,5.0000,-0.3086,2.4336,5.0000,-0.5844,0.9734,0.0000,1.061,311298.7134
0.9000,0.0909,-0.0098,-0.0028,0.2570,-0.0173,-0.0333,0.0000,0.0914,-0.0098,5.0000,-0.3042,2.4416,5.0000,-0.5761,0.9766,0.0000,1.087,297691.9058
0.9120,0.0806,0.0679,-0.0009,0.4072,-0.0751,-0.0482,0.0000,0.1054,0.0679,5.0000,-0.2982,2.4486,5.0000,-0.5647,0.9794,0.0000,1.087,269269.0356
0.9240,0.0744,0.0110,-0.0097,0.3418,-0.1118,-0.0690,0.0000,0.0752,0.0110,5.0000,-0.2900,2.4548,5.0000,-0.5492,0.9819,0.0000,1.052,282816.3472
0.9360,0.1256,0.0507,0.0061,0.3984,-0.1490,-0.0801,0.2500,0.1343,0.0507,5.0000,-0.2964,2.4602,5.0000,-0.5614,0.9841,0.0000,1.041,266400.8489
0.9480,0.0907,-0.0037,-0.0106,0.4347,-0.1819,-0.0807,0.0000,0.0908,-0.0037,5.0000,-0.2928,2.4650,5.0000,-0.5545,0.9860,0.0000,1.115,296264.6654
0.9600,0.1200,0.0391,-0.0126,0.4581,-0.1382,-0.0723,0.0000,0.1262,0.0391,5.0000,-0.2922,2.4692,5.0000,-0.5534,0.9877,0.0000,1.025,254873.1475
0.9720,0.0979,0.1216,-0.0037,0.4433,-0.1965,-0.0594,0.0000,0.1561,0.1216,5.0000,-0.2978,2.4729,5.0000,-0.5639,0.9891,0.0000,1.057,261330.0899
0.9840,0.1504,-0.0055,-0.0090,0.4165,-0.0533,-0.0609,0.2500,0.0998,-0.0055,5.0000,-0.2956,2.4761,5.0000,-0.5599,0.9904,0.0000,1.037,258987.4510
0.9960,0.1614,-0.0341,-0.0074,0.5700,-0.1523,-0.0576,0.2500,0.0950,-0.0341,5.0000,-0.2912,2.4790,5.0000,-0.5515,0.9916,0.0000,1.077,259191.3564
1.0080,0.0908,-0.0268,-0.0102,0.6205,-0.1023,-0.0639,0.0000,0.0947,-0.0268,5.0000,-0.2889,2.4815,5.0000,-0.5472,0.9926,0.0000,1.080,259482.9218
1.0200,0.0704,0.0484,-0.0035,0.7576,-0.1118,-0.0617,0.0000,0.0854,0.0484,5.0000,-0.2801,2.4837,5.0000,-0.5304,0.9935,0.0000,1.053,205743.2860
1.0320,0.2044,-0.0031,-0.0132,0.7386,-0.1561,-0.0696,0.2500,0.0457,-0.0031,5.0000,-0.2700,2.4857,5.0000,-0.5113,0.9943,0.0000,1.025,193894.4017
1.0440,0.0730,0.0350,-0.0029,0.7376,-0.1502,-0.0785,0.0000,0.0809,0.0350,5.0000,-0.2580,2.4874,5.0000,-0.4886,0.9950,0.0000,1.055,239039.2347
1.0560,0.1512,-0.0195,-0.0095,0.6378,-0.1964,-0.0765,0.2500,0.1007,-0.0195,5.0000,-0.2700,2.4889,5.0000,-0.5113,0.9956,0.0000,1.470,241317.1613
1.0680,0.0980,0.0483,-0.0095,0.8773,-0.1257,-0.0664,0.0000,0.1093,0.0483,5.0000,-0.2580,2.4902,5.0000,-0.4886,0.9961,0.0000,1.427,276536.4965
1.0800,0.2082,0.0108,-0.0141,0.8276,-0.0865,-0.0662,0.2500,0.0432,0.0108,5.0000,-0.2460,2.4554,5.0000,-0.4659,0.9822,0.0000,1.334,223536.8380
1.0920,0.2745,-0.0167,-0.0090,0.9191,-0.1858,-0.0749,0.2500,0.0297,-0.0167,5.0000,-0.2340,2.4608,5.0000,-0.4431,0.9843,0.0000,1.198,191068.2920
1.1040,0.2206,-0.0101,-0.0170,0.8908,-0.1447,-0.0837,0.2500,0.0310,-0.0101,5.0000,-0.2220,2.4655,5.0000,-0.4204,0.9862,0.0000,1.076,186424.3539
1.1160,0.3265,-0.0544,-0.0078,0.9562,-0.0636,-0.0902,0.2500,0.0939,-0.0544,5.0000,-0.2100,2.4696,5.0000,-0.3977,0.9878,0.0000,1.223,170461.7291
1.1280,0.2961,-0.0491,-0.0111,0.9451,-0.1741,-0.0852,0.2500,0.0674,-0.0491,5.0000,-0.1980,2.4733,5.0000,-0.3750,0.9893,0.0000,1.174,176237.2894
1.1400,0.2264,-0.1035,-0.0149,1.0565,-0.1224,-0.0902,0.2500,0.1061,-0.1035,5.0000,-0.1860,2.4765,5.0000,-0.3522,0.9906,0.0000,1.220,167542.6235
1.1520,0.2629,-0.0241,-0.0201,1.0093,-0.1780,-0.0970,0.2500,0.0273,-0.0241,5.0000,-0.1740,2.4793,5.0000,-0.3295,0.9917,0.0000,1.149,169608.8542
1.1640,0.2739,-0.0171,-0.0222,1.1514,-0.0947,-0.0986,0.2500,0.0294,-0.0171,5.0000,-0.1620,2.4818,5.0000,-0.3068,0.9927,0.0000,1.170,148314.3543
1.1760,0.2609,-0.1083,-0.0184,1.1118,-0.1156,-0.1088,0.2500,0.1088,-0.1083,5.0000,-0.1500,2.4840,5.0000,-0.2840,0.9936,0.0000,1.210,154564.7399
1.1880,0.2778,0.0231,-0.0262,1.1167,-0.1145,-0.1075,0.2500,0.0362,0.0231,5.0000,-0.1380,2.4859,5.0000,-0.2613,0.9944,0.0000,1.130,151624.0811
1.2000,0.2454,0.0117,-0.0225,1.2213,-0.1100,-0.1058,0.2500,0.0125,0.0117,5.0000,-0.1260,2.4876,5.0000,-0.2386,0.9950,0.0000,1.113,139917.6187
1.2120,0.3738,-0.0355,-0.0238,1.3222,-0.1470,-0.1057,0.2500,0.1287,-0.0355,5.0000,-0.1140,2.4891,5.0000,-0.2159,0.9956,0.0000,1.134,115066.8163
1.2240,0.3575,-0.0705,-0.0253,1.2029,-0.0999,-0.1024,0.2500,0.1286,-0.0705,5.0000,-0.1020,2.4904,5.0000,-0.1931,0.9962,0.0000,1.101,131501.2139
1.2360,0.3103,-0.0855,-0.0222,1.3483,-0.0792,-0.1057,0.2500,0.1046,-0.0855,5.0000,-0.0900,2.4915,5.0000,-0.1704,0.9966,0.0000,1.148,116970.1923
1.2480,0.4126,-0.0587,-0.0310,1.3484,-0.1897,-0.0975,0.5000,0.1053,-0.0587,5.0000,-0.0780,2.4926,5.0000,-0.1477,0.9970,0.0000,1.101,107857.6570
1.2600,0.4791,-0.0947,-0.0327,1.2784,-0.0679,-0.0988,0.5000,0.0970,-0.0947,5.0000,-0.0660,2.4934,5.0000,-0.1250,0.9974,0.0000,1.158,132978.8900
1.2720,0.4266,-0.0893,-0.0212,1.4349,-0.1235,-0.1017,0.5000,0.1156,-0.0893,5.0000,-0.0540,2.4942,5.0000,-0.1022,0.9977,0.0000,1.194,117109.0184
1.2840,0.4375,-0.0644,-0.0285,1.3772,-0.0588,-0.1046,0.5000,0.0898,-0.0644,5.0000,-0.0420,2.4949,5.0000,-0.0795,0.9980,0.0000,1.082,123118.9771
1.2960,0.4224,-0.0367,-0.0223,1.3904,-0.2071,-0.0982,0.5000,0.0858,-0.0367,5.0000,-0.0300,2.4955,5.0000,-0.0568,0.9982,0.0000,1.158,122486.8844
1.3080,0.4241,-0.0921,-0.0263,1.3480,-0.1723,-0.0927,0.5000,0.1193,-0.0921,5.0000,-0.0180,2.4961,5.0000,-0.0340,0.9984,0.0000,1.082,127929.6175
1.3200,0.4048,-0.0419,-0.0392,1.5120,-0.1269,-0.0926,0.5000,0.1040,-0.0419,5.0000,-0.0060,2.4965,5.0000,-0.0113,0.9986,0.0000,1.082,108732.1280
1.3320,0.4308,-0.1532,-0.0389,1.4877,-0.1038,-0.0900,0.5000,0.1681,-0.1532,5.0000,0.0060,2.4970,5.0000,0.0114,0.9988,0.0000,1.079,109792.2681
1.3440,0.5200,-0.1210,-0.0340,1.5844,-0.0331,-0.0868,0.5000,0.1227,-0.1210,5.0000,0.0180,2.4973,5.0000,0.0341,0.9989,0.0000,1.067,91044.2344
1.3560,0.5475,-0.0624,-0.0369,1.6394,-0.0812,-0.0871,0.5000,0.0784,-0.0624,5.0000,0.0300,2.4976,5.0000,0.0569,0.9991,0.0000,1.029,82841.7992
1.3680,0.5737,-0.0449,-0.0377,1.6039,-0.0904,-0.0773,0.5000,0.0863,-0.0449,5.0000,0.0420,2.4979,5.0000,0.0796,0.9992,0.0000,1.066,84439.6523
1.3800,0.6002,-0.1341,-0.0348,1.6710,-0.0447,-0.0716,0.5000,0.1674,-0.1341,5.0000,0.0540,2.4982,5.0000,0.1023,0.9993,0.0000,1.082,75753.8607
1.3920,0.6051,-0.0070,-0.0337,1.6637,-0.1902,-0.0702,0.5000,0.1054,-0.0070,5.0000,0.0660,2.4984,5.0000,0.1250,0.9994,0.0000,1.011,75958.2285
1.4040,0.5648,-0.0543,-0.0359,1.7221,-0.0822,-0.0652,0.5000,0.0845,-0.0543,5.0000,0.0780,2.4986,5.0000,0.1478,0.9994,0.0000,0.994,72981.4558
1.4160,0.5513,-0.0035,-0.0399,1.7834,-0.1290,-0.0578,0.5000,0.0515,-0.0035,5.0000,0.0900,2.4988,5.0000,0.1705,0.9995,0.0000,1.029,68144.7219
1.4280,0.5682,-0.0813,-0.0540,1.8225,0.0059,-0.0487,0.5000,0.1062,-0.0813,5.0000,0.1020,2.4989,5.0000,0.1932,0.9996,0.0000,1.049,63280.1919
1.4400,0.5732,-0.1286,-0.0406,1.8251,-0.0708,-0.0400,0.5000,0.1480,-0.1286,5.0000,0.1140,2.4990,5.0000,0.2160,0.9996,0.0000,1.064,62785.3010
1.4520,0.6565,-0.1530,-0.0368,1.8673,-0.0211,-0.0332,0.7500,0.1793,-0.1530,5.0000,0.1260,2.4992,5.0000,0.2387,0.9997,0.0000,1.065,54175.9424
1.4640,0.7450,-0.0711,-0.0410,2.0043,0.0179,-0.0298,0.7500,0.0713,-0.0711,5.0000,0.1380,2.4993,5.0000,0.2614,0.9997,0.0000,1.052,52665.3908
1.4760,0.7363,-0.1016,-0.0433,2.0391,-0.0022,-0.0258,0.7500,0.1025,-0.1016,5.0000,0.1500,2.4993,5.0000,0.2841,0.9997,0.0000,1.048,50544.9619
1.4880,0.7404,-0.1025,-0.0401,1.9132,0.0134,-0.0087,0.7500,0.1030,-0.1025,5.0000,0.1620,2.4994,5.0000,0.3069,0.9998,0.0000,1.063,60411.9818
1.5000,0.7281,-0.0652,-0.0365,2.0154,-0.0188,-0.0086,0.7500,0.0688,-0.0652,5.0000,0.1740,2.4995,5.0000,0.3296,0.9998,0.0000,1.013,52870.3737
1.5120,0.8035,-0.1178,-0.0456,1.9992,0.1144,-0.0018,0.7500,0.1294,-0.1178,5.0000,0.1860,2.4996,5.0000,0.3523,0.9998,0.0000,1.030,49608.9995
1.5240,0.8590,-0.0389,-0.0417,1.9914,0.0715,-0.0004,0.7500,0.1157,-0.0389,5.0000,0.1980,2.4996,5.0000,0.3750,0.9998,0.0000,0.998,47079.7874
1.5360,0.9202,-0.0594,-0.0405,2.0245,0.0232,0.0075,1.0000,0.0995,-0.0594,5.0000,0.2090,2.4997,5.0000,0.3958,0.9999,0.0000,1.027,41656.6645
1.5480,0.8469,-0.0294,-0.0485,2.0524,-0.0666,0.0264,0.7500,0.1013,-0.0294,5.0000,0.2137,2.4997,5.0000,0.4046,0.9999,0.0000,1.016,57840.5059
1.5600,0.8733,-0.0846,-0.0418,2.2085,0.0430,0.0290,0.7500,0.1495,-0.0846,5.0000,0.2257,2.4997,5.0000,0.4274,0.9999,0.0000,0.995,32525.5630
1.5720,0.9812,-0.0412,-0.0442,2.1815,0.0462,0.0335,1.0000,0.0453,-0.0412,5.0000,0.2357,2.4998,5.0000,0.4464,0.9999,0.0000,0.975,29212.2063
1.5840,0.8965,-0.0560,-0.0372,2.1462,0.0293,0.0421,1.0000,0.1177,-0.0560,5.0000,0.2468,2.4998,5.0000,0.4674,0.9999,0.0000,1.021,47824.7950
1.5960,1.0285,0.0175,-0.0347,2.2054,0.0610,0.0459,1.0000,0.0334,0.0175,5.0000,0.2397,2.4998,5.0000,0.4541,0.9999,0.0000,0.996,37074.8555
1.6080,1.0356,-0.1690,-0.0422,2.3075,0.0314,0.0682,1.0000,0.1727,-0.1690,5.0000,0.2517,2.4998,5.0000,0.4768,0.9999,0.0000,1.007,31078.1754
1.6200,1.0085,-0.0642,-0.0344,2.3893,0.0856,0.0750,1.0000,0.0647,-0.0642,5.0000,0.2637,2.4999,5.0000,0.4995,0.9999,0.0000,0.980,28063.8187
1.6320,1.0432,-0.0404,-0.0377,2.3853,0.0890,0.0788,1.0000,0.0592,-0.0404,5.0000,0.2699,2.4999,5.0000,0.5111,1.0000,0.0000,1.010,26988.2577
1.6440,1.1520,-0.0701,-0.0329,2.3570,0.1665,0.0824,1.2500,0.1204,-0.0701,5.0000,0.2785,2.4999,5.0000,0.5276,1.0000,0.0000,0.989,24040.8987
1.6560,1.1277,-0.1010,-0.0401,2.3751,0.0702,0.0907,1.2500,0.1586,-0.1010,5.0000,0.2904,2.4999,5.0000,0.5500,1.0000,0.0000,1.012,34417.9888
1.6680,1.1435,-0.1285,-0.0352,2.4916,0.0185,0.1006,1.2500,0.1669,-0.1285,5.0000,0.3024,2.4999,5.0000,0.5727,1.0000,0.0000,0.973,28193.6155
1.6800,1.1523,-0.0602,-0.0315,2.4426,0.1161,0.1046,1.2500,0.1148,-0.0602,5.0000,0.3082,2.4999,5.0000,0.5837,1.0000,0.0000,0.981,29939.1867
1.6920,1.1801,-0.0183,-0.0332,2.5241,0.1913,0.1150,1.2500,0.0723,-0.0183,5.0000,0.3065,2.4999,5.0000,0.5804,1.0000,0.0000,0.981,25312.3352
1.7040,1.2400,-0.0035,-0.0324,2.5322,0.0654,0.1237,1.2500,0.0106,-0.0035,5.0000,0.3128,2.4999,5.0000,0.5925,1.0000,0.0000,0.958,23007.1377
1.7160,1.2055,-0.0711,-0.0313,2.6196,0.2010,0.1267,1.2500,0.0839,-0.0711,5.0000,0.3202,2.4999,5.0000,0.6064,1.0000,0.0000,0.967,21197.0879
1.7280,1.2963,-0.0273,-0.0334,2.7023,0.1694,0.1403,1.2500,0.0538,-0.0273,5.0000,0.3267,2.5000,5.0000,0.6187,1.0000,0.0000,0.933,16594.0352
1.7400,1.2451,-0.1380,-0.0277,2.6444,0.1237,0.1471,1.2500,0.1381,-0.1380,5.0000,0.3387,2.5000,5.0000,0.6414,1.0000,0.0000,1.006,19453.0953
1.7520,1.3368,-0.1022,-0.0223,2.6278,0.1919,0.1541,1.2500,0.1340,-0.1022,5.0000,0.3473,2.5000,5.0000,0.6578,1.0000,0.0000,0.933,17320.8669
1.7640,1.3345,0.0507,-0.0192,2.7254,0.2208,0.1603,1.2500,0.0985,0.0507,5.0000,0.3416,2.5000,5.0000,0.6470,1.0000,0.0000,0.916,15184.2300
1.7760,1.4441,-0.0446,-0.0223,2.7772,0.2181,0.1700,1.5000,0.0715,-0.0446,5.0000,0.3490,2.5000,5.0000,0.6610,1.0000,0.0000,0.958,11637.2617
1.7880,1.4814,-0.0807,-0.0185,2.8093,0.2887,0.1843,1.5000,0.0828,-0.0807,5.0000,0.3563,2.5000,5.0000,0.6749,1.0000,0.0000,0.992,15818.9542
1.8000,1.4703,-0.0904,-0.0136,2.8219,0.2880,0.1869,1.5000,0.0952,-0.0904,5.0000,0.3630,2.5000,5.0000,0.6875,1.0000,0.0000,0.943,15813.9392
1.8120,1.5310,-0.1426,-0.0110,2.7569,0.2520,0.1918,1.5000,0.1459,-0.1426,5.0000,0.3732,2.5000,5.0000,0.7068,1.0000,0.0000,0.975,15781.9458
1.8240,1.5908,-0.1367,-0.0173,2.8842,0.2374,0.1980,1.5000,0.1641,-0.1367,5.0000,0.3822,2.5000,5.0000,0.7239,1.0000,0.0000,0.972,11977.0805
1.8360,1.6032,-0.1016,-0.0064,2.8467,0.2580,0.2007,1.5000,0.1448,-0.1016,5.0000,0.3875,2.5000,5.0000,0.7339,1.0000,0.0000,0.941,12295.9889
1.8480,1.7384,-0.0140,0.0050,2.9464,0.3171,0.2139,1.7500,0.0182,-0.0140,5.0000,0.3817,2.5000,5.0000,0.7230,1.0000,0.0000,0.904,8202.9318
1.8600,1.7164,0.0358,-0.0043,2.9509,0.2864,0.2204,1.7500,0.0491,0.0358,5.0000,0.3760,2.5000,5.0000,0.7121,1.0000,0.0000,0.990,13407.1424
1.8720,1.6616,-0.0579,0.0054,2.9616,0.3173,0.2293,1.7500,0.1056,-0.0579,5.0000,0.3761,2.5000,5.0000,0.7124,1.0000,0.0000,0.923,14364.3985
1.8840,1.7298,-0.0540,0.0028,3.0607,0.3570,0.2343,1.7500,0.0576,-0.0540,5.0000,0.3730,2.5000,5.0000,0.7064,1.0000,0.0000,0.920,11234.6690
1.8960,1.7732,-0.0743,0.0064,2.9670,0.3487,0.2351,1.7500,0.0778,-0.0743,5.0000,0.3726,2.5000,5.0000,0.7057,1.0000,0.0000,0.989,11862.2043
1.9080,1.7606,-0.0089,0.0003,3.1049,0.4175,0.2485,1.7500,0.0138,-0.0089,5.0000,0.3649,2.5000,5.0000,0.6910,1.0000,0.0000,0.920,9989.2746
1.9200,1.8369,-0.0632,0.0151,3.0816,0.3671,0.2544,1.7500,0.1074,-0.0632,5.0000,0.3615,2.5000,5.0000,0.6846,1.0000,0.0000,0.975,8925.2359
1.9320,1.8742,-0.0207,0.0056,3.0873,0.4555,0.2633,1.7500,0.1259,-0.0207,5.0000,0.3522,2.5000,5.0000,0.6671,1.0000,0.0000,0.904,8234.0513
1.9440,1.9911,-0.0408,0.0193,3.1064,0.3012,0.2666,2.0000,0.0418,-0.0408,5.0000,0.3475,2.5000,5.0000,0.6581,1.0000,0.0000,0.890,6192.2958
1.9560,1.9074,0.0236,0.0135,3.1436,0.3458,0.2704,2.0000,0.0956,0.0236,5.0000,0.3356,2.5000,5.0000,0.6357,1.0000,0.0000,0.976,11404.5130
1.9680,1.9338,0.0153,0.0216,3.1094,0.4286,0.2786,2.0000,0.0679,0.0153,5.0000,0.3236,2.5000,5.0000,0.6130,1.0000,0.0000,1.076,11405.4322
1.9800,2.0906,-0.0300,0.0175,3.1708,0.3370,0.2821,2.0000,0.0954,-0.0300,5.0000,0.3173,2.5000,5.0000,0.6010,1.0000,0.0000,0.905,7742.1390
1.9920,2.0822,0.0377,0.0256,3.0961,0.3600,0.2870,2.0000,0.0904,0.0377,5.0000,0.3053,2.5000,5.0000,0.5783,1.0000,0.0000,0.964,8857.7012
2.0040,2.1751,-0.0234,0.0291,3.1033,0.4518,0.2867,2.2500,0.0785,-0.0234,5.0000,0.2957,2.5000,5.0000,0.5599,1.0000,0.0000,0.900,7226.3485
2.0160,2.0933,-0.0469,0.0412,3.2761,0.3311,0.2890,2.0000,0.1044,-0.0469,5.0000,0.2861,2.5000,5.0000,0.5419,1.0000,0.0000,0.943,10673.3381
2.0280,2.2128,0.0953,0.0489,3.2918,0.4445,0.2953,2.2500,0.1023,0.0953,5.0000,0.2741,2.5000,5.0000,0.5191,1.0000,0.0000,0.999,5042.1514
2.0400,2.1875,0.0752,0.0485,3.3024,0.4184,0.2937,2.2500,0.0978,0.0752,5.0000,0.2621,2.5000,5.0000,0.4964,1.0000,0.0000,1.008,8833.3710
2.0520,2.2223,0.0268,0.0521,3.2859,0.3464,0.2936,2.2500,0.0385,0.0268,5.0000,0.2501,2.5000,5.0000,0.4737,1.0000,0.0000,0.955,8323.2168
2.0640,2.3460,-0.0413,0.0481,3.2146,0.4384,0.2935,2.2500,0.1045,-0.0413,5.0000,0.2381,2.5000,5.0000,0.4510,1.0000,0.0000,0.972,7164.5092
2.0760,2.2916,0.0588,0.0511,3.3000,0.4099,0.2929,2.2500,0.0721,0.0588,5.0000,0.2261,2.5000,5.0000,0.4282,1.0000,0.0000,0.898,7128.7610
2.0880,2.3830,0.0906,0.0606,3.3279,0.4164,0.2907,2.5000,0.1480,0.0906,5.0000,0.2141,2.5000,5.0000,0.4055,1.0000,0.0000,0.974,5668.4972
2.1000,2.5124,0.0478,0.0586,3.3656,0.4353,0.2885,2.5000,0.0493,0.0478,5.0000,0.2021,2.5000,5.0000,0.3828,1.0000,0.0000,0.920,6886.1383
2.1120,2.3994,0.0853,0.0607,3.5067,0.3687,0.2885,2.5000,0.1319,0.0853,5.0000,0.1901,2.5000,5.0000,0.3600,1.0000,0.0000,0.937,7191.3990
2.1240,2.3799,0.1336,0.0729,3.4405,0.3701,0.2886,2.5000,0.1796,0.1336,5.0000,0.1781,2.5000,5.0000,0.3373,1.0000,0.0000,0.941,8308.0231
2.1360,2.5699,0.0838,0.0740,3.4091,0.3874,0.2850,2.5000,0.1092,0.0838,5.0000,0.1661,2.5000,5.0000,0.3146,1.0000,0.0000,0.937,5726.8583
2.1480,2.5661,0.1624,0.0761,3.4612,0.3384,0.2748,2.5000,0.1753,0.1624,5.0000,0.1541,2.5000,5.0000,0.2919,1.0000,0.0000,0.916,5504.8158
2.1600,2.6262,0.0897,0.0846,3.3771,0.3520,0.2719,2.7500,0.1529,0.0897,5.0000,0.1421,2.5000,5.0000,0.2691,1.0000,0.0000,0.924,5284.6779
2.1720,2.6191,0.0914,0.0930,3.4491,0.3911,0.2679,2.5000,0.1501,0.0914,5.0000,0.1301,2.5000,5.0000,0.2464,1.0000,0.0000,0.960,8312.7964
2.1840,2.6484,0.0564,0.0848,3.4949,0.3570,0.2665,2.7500,0.1162,0.0564,5.0000,0.1181,2.5000,5.0000,0.2237,1.0000,0.0000,0.904,4077.7052
2.1960,2.7605,0.0655,0.0873,3.4722,0.4280,0.2605,2.7500,0.0663,0.0655,5.0000,0.1061,2.5000,5.0000,0.2010,1.0000,0.0000,0.918,5946.4750
2.2080,2.7386,0.0750,0.0905,3.5145,0.3129,0.2552,2.7500,0.0759,0.0750,5.0000,0.0941,2.5000,5.0000,0.1782,1.0000,0.0000,0.919,5830.7534
2.2200,2.8002,0.1978,0.0910,3.4714,0.2348,0.2527,2.7500,0.2040,0.1978,5.0000,0.0821,2.5000,5.0000,0.1555,1.0000,0.0000,0.934,5629.2631
2.2320,2.9150,0.0728,0.0898,3.5721,0.2792,0.2542,3.0000,0.1119,0.0728,5.0000,0.0701,2.5000,5.0000,0.1328,1.0000,0.0000,0.915,3389.1301
2.2440,2.9574,0.1749,0.0901,3.5156,0.3734,0.2450,3.0000,0.1800,0.1749,5.0000,0.0581,2.5000,5.0000,0.1100,1.0000,0.0000,0.951,6479.8852
2.2560,2.9512,0.1699,0.1050,3.6393,0.2824,0.2432,3.0000,0.1768,0.1699,5.0000,0.0461,2.5000,5.0000,0.0873,1.0000,0.0000,0.939,5519.9951
2.2680,2.9944,0.1668,0.1047,3.5460,0.2404,0.2282,3.0000,0.1668,0.1668,5.0000,0.0341,2.5000,5.0000,0.0646,1.0000,0.0000,0.899,5650.1000
2.2800,3.0719,0.1946,0.1075,3.4799,0.2210,0.2156,3.0000,0.2074,0.1946,5.0000,0.0221,2.5000,5.0000,0.0419,1.0000,0.0000,0.916,5280.0195
2.2920,3.0788,0.1457,0.1107,3.6121,0.1185,0.2064,3.0000,0.1656,0.1457,5.0000,0.0101,2.5000,5.0000,0.0191,1.0000,0.0000,0.915,4083.7224
2.3040,3.0426,0.1782,0.1093,3.5955,0.1731,0.1951,3.0000,0.1832,0.1782,5.0000,-0.0019,2.5000,5.0000,-0.0036,1.0000,0.0000,0.883,4675.9359
2.3160,3.1957,0.1035,0.1156,3.6669,0.1758,0.1874,3.2500,0.1169,0.1035,5.0000,-0.0139,2.5000,5.0000,-0.0263,1.0000,0.0000,0.910,2627.0086
2.3280,3.3044,0.1603,0.1231,3.6122,0.1632,0.1575,3.2500,0.1692,0.1603,5.0000,-0.0259,2.5000,5.0000,-0.0490,1.0000,0.0000,0.884,4403.7132
2.3400,3.2298,0.1886,0.1121,3.6262,0.1702,0.1502,3.2500,0.1897,0.1886,5.0000,-0.0379,2.5000,5.0000,-0.0718,1.0000,0.0000,0.894,5199.9372
2.3520,3.2753,0.2465,0.1291,3.6709,0.0851,0.1363,3.2500,0.2477,0.2465,5.0000,-0.0499,2.5000,5.0000,-0.0945,1.0000,0.0000,0.902,4542.3404
2.3640,3.3664,0.2306,0.1103,3.6039,0.1937,0.1164,3.2500,0.2583,0.2306,5.0000,-0.0619,2.5000,5.0000,-0.1172,1.0000,0.0000,0.884,3966.2167
2.3760,3.3767,0.2214,0.1252,3.6551,0.1661,0.0816,3.5000,0.2534,0.2214,5.0000,-0.0739,2.5000,5.0000,-0.1400,1.0000,0.0000,0.919,3559.3405
2.3880,3.4049,0.2090,0.1270,3.7580,0.2063,0.0295,3.5000,0.2296,0.2090,5.0000,-0.0859,2.5000,5.0000,-0.1627,1.0000,0.0000,0.902,5268.6149
2.4000,3.4743,0.2387,0.1289,3.7061,0.2338,0.0096,3.5000,0.2401,0.2387,5.0000,-0.0979,2.5000,5.0000,-0.1854,1.0000,0.0000,0.915,4926.1829
2.4120,3.5389,0.2297,0.1251,3.6674,0.1320,-0.0204,3.5000,0.2329,0.2297,5.0000,-0.1099,2.5000,5.0000,-0.2081,1.0000,0.0000,0.912,4344.8494
2.4240,3.5474,0.2146,0.1323,3.7016,0.1459,-0.0316,3.5000,0.2198,0.2146,5.0000,-0.1219,2.5000,5.0000,-0.2309,1.0000,0.0000,0.906,4028.5330
2.4360,3.6206,0.2878,0.1233,3.7771,0.1238,-0.0190,3.5000,0.3120,0.2878,5.0000,-0.1339,2.5000,5.0000,-0.2536,1.0000,0.0000,0.885,3160.1840
2.4480,3.6832,0.3513,0.1242,3.5920,0.1164,-0.0204,3.7500,0.3576,0.3513,5.0000,-0.1459,2.5000,5.0000,-0.2763,1.0000,0.0000,0.887,3766.4836
2.4600,3.7143,0.3459,0.1142,3.6297,0.1411,-0.0220,3.7500,0.3477,0.3459,5.0000,-0.1579,2.5000,5.0000,-0.2990,1.0000,0.0000,0.920,5841.7095
2.4720,3.8281,0.2537,0.1316,3.6428,0.1439,-0.0193,3.7500,0.2655,0.2537,5.0000,-0.1699,2.5000,5.0000,-0.3218,1.0000,0.0000,0.886,4166.4427
2.4840,3.7333,0.3792,0.1227,3.5450,0.0990,-0.0229,3.7500,0.3796,0.3792,5.0000,-0.1819,2.5000,5.0000,-0.3445,1.0000,0.0000,0.920,6394.5534
2.4960,3.8632,0.2093,0.1239,3.6863,0.1268,-0.0303,3.7500,0.2379,0.2093,5.0000,-0.1884,2.5000,5.0000,-0.3569,1.0000,0.0000,0.884,3405.2553
2.5080,3.8719,0.2925,0.1197,3.6569,0.1377,-0.0500,3.7500,0.3169,0.2925,5.0000,-0.2004,2.5000,5.0000,-0.3796,1.0000,0.0000,0.886,3739.9188
2.5200,3.8802,0.3309,0.1234,3.6920,0.0926,-0.0510,4.0000,0.3519,0.3309,5.0000,-0.2124,2.5000,5.0000,-0.4023,1.0000,0.0000,0.901,3586.1940
2.5320,4.0039,0.3397,0.1197,3.6235,0.1071,-0.0595,4.0000,0.3397,0.3397,5.0000,-0.2230,2.5000,5.0000,-0.4224,1.0000,0.0000,0.901,5356.7024
2.5440,4.0169,0.2856,0.1211,3.6111,0.1251,-0.0625,4.0000,0.2861,0.2856,5.0000,-0.2289,2.5000,5.0000,-0.4336,1.0000,0.0000,0.937,5106.8883
2.5560,4.1370,0.2462,0.1210,3.6767,0.0097,-0.0704,4.2500,0.2709,0.2462,5.0000,-0.2318,2.5000,5.0000,-0.4390,1.0000,0.0000,0.888,3272.2322
2.5680,4.1151,0.2494,0.1125,3.5877,0.0385,-0.0970,4.0000,0.2747,0.2494,5.0000,-0.2314,2.5000,5.0000,-0.4383,1.0000,0.0000,0.979,7132.1278
2.5800,4.0974,0.3557,0.1177,3.6900,0.0484,-0.1041,4.0000,0.3688,0.3557,5.0000,-0.2427,2.5000,5.0000,-0.4597,1.0000,0.0000,0.957,3943.5610
2.5920,4.1491,0.4138,0.1113,3.6224,-0.0926,-0.1062,4.2500,0.4259,0.4138,5.0000,-0.2502,2.5000,5.0000,-0.4738,1.0000,0.0000,0.909,3946.2186
2.6040,4.1762,0.4026,0.1155,3.6779,-0.0460,-0.1056,4.2500,0.4093,0.4026,5.0000,-0.2581,2.5000,5.0000,-0.4887,1.0000,0.0000,0.924,6012.2743
2.6160,4.2940,0.4079,0.1007,3.7672,-0.0803,-0.1113,4.2500,0.4103,0.4079,5.0000,-0.2650,2.5000,5.0000,-0.5018,1.0000,0.0000,0.885,4101.2971
2.6280,4.3203,0.3339,0.1050,3.6823,-0.1035,-0.1430,4.2500,0.3412,0.3339,5.0000,-0.2642,2.5000,5.0000,-0.5005,1.0000,0.0000,0.903,4054.6269
2.6400,4.2874,0.4225,0.1075,3.7500,-0.0860,-0.1538,4.2500,0.4241,0.4225,5.0000,-0.2727,2.5000,5.0000,-0.5165,1.0000,0.0000,0.901,4322.8108
2.6520,4.4234,0.4000,0.0935,3.6615,-0.1628,-0.1572,4.5000,0.4073,0.4000,5.0000,-0.2728,2.5000,5.0000,-0.5166,1.0000,0.0000,0.903,3379.0194
2.6640,4.4807,0.4113,0.1002,3.6967,-0.1584,-0.1612,4.5000,0.4117,0.4113,5.0000,-0.2742,2.5000,5.0000,-0.5193,1.0000,0.0000,0.886,5167.0360
2.6760,4.5064,0.4220,0.1057,3.6461,-0.0906,-0.1709,4.5000,0.4220,0.4220,5.0000,-0.2783,2.5000,5.0000,-0.5271,1.0000,0.0000,0.918,5321.5774
2.6880,4.5279,0.3630,0.0913,3.6655,-0.2312,-0.1773,4.5000,0.3641,0.3630,5.0000,-0.2716,2.5000,5.0000,-0.5145,1.0000,0.0000,0.901,4618.9698
2.7000,4.6109,0.3319,0.0965,3.6781,-0.1328,-0.1902,4.5000,0.3500,0.3319,5.0000,-0.2682,2.5000,5.0000,-0.5079,1.0000,0.0000,0.920,3668.8401
2.7120,4.5716,0.4061,0.0879,3.7634,-0.1879,-0.1934,4.5000,0.4124,0.4061,5.0000,-0.2689,2.5000,5.0000,-0.5093,1.0000,0.0000,0.883,3777.4407
2.7240,4.7183,0.4583,0.0897,3.6511,-0.1311,-0.1915,4.7500,0.4594,0.4583,5.0000,-0.2737,2.5000,5.0000,-0.5184,1.0000,0.0000,0.972,3301.9002
2.7360,4.6906,0.3802,0.0948,3.6486,-0.1609,-0.1892,4.7500,0.3848,0.3802,5.0000,-0.2684,2.5000,5.0000,-0.5084,1.0000,0.0000,0.906,5873.6876
2.7480,4.7718,0.4377,0.0825,3.6998,-0.1255,-0.1922,4.7500,0.4383,0.4377,5.0000,-0.2703,2.5000,5.0000,-0.5119,1.0000,0.0000,0.901,4805.6668
2.7600,4.7711,0.3687,0.0877,3.7083,-0.1284,-0.1942,4.7500,0.3693,0.3687,5.0000,-0.2659,2.5000,5.0000,-0.5035,1.0000,0.0000,0.885,4500.4871
2.7720,4.8168,0.4392,0.0785,3.7241,-0.1718,-0.1934,4.7500,0.4443,0.4392,5.0000,-0.2667,2.5000,5.0000,-0.5052,1.0000,0.0000,0.900,4165.0343
2.7840,4.8765,0.3844,0.0750,3.7258,-0.2774,-0.1935,5.0000,0.4037,0.3844,5.0000,-0.2599,2.5000,5.0000,-0.4922,1.0000,0.0000,0.903,3354.0525
2.7960,4.9425,0.3691,0.0743,3.6413,-0.2639,-0.1933,5.0000,0.3735,0.3691,5.0000,-0.2491,2.5000,5.0000,-0.4717,1.0000,0.0000,0.933,5825.2570
2.8080,5.0025,0.4688,0.0646,3.8085,-0.2351,-0.2064,5.0000,0.4688,0.4688,5.0000,-0.2516,2.5000,5.0000,-0.4765,1.0000,0.0000,0.917,4395.7476
2.8200,4.9979,0.4613,0.0740,3.6992,-0.2005,-0.1975,5.0000,0.4613,0.4613,5.0000,-0.2515,2.5000,5.0000,-0.4763,1.0000,0.0000,0.911,5118.1824
2.8320,5.1001,0.4039,0.0750,3.7825,-0.1800,-0.1864,5.0000,0.4161,0.4039,5.0000,-0.2505,2.5000,5.0000,-0.4745,1.0000,0.0000,0.884,3420.8217
2.8440,5.1184,0.4653,0.0684,3.8924,-0.2159,-0.1835,5.0000,0.4801,0.4653,5.0000,-0.2553,2.5000,5.0000,-0.4836,1.0000,0.0000,0.884,2996.4060
2.8560,5.2050,0.4401,0.0529,3.7154,-0.2373,-0.1880,5.2500,0.4424,0.4401,5.0000,-0.2511,2.5000,5.0000,-0.4755,1.0000,0.0000,0.884,2939.5113
2.8680,5.1389,0.4091,0.0661,3.7403,-0.2451,-0.1930,5.2500,0.4239,0.4091,5.0000,-0.2429,2.5000,5.0000,-0.4600,1.0000,0.0000,0.901,5896.1380
2.8800,5.2721,0.3907,0.0546,3.7893,-0.2025,-0.1983,5.2500,0.3913,0.3907,5.0000,-0.2363,2.5000,5.0000,-0.4475,1.0000,0.0000,0.899,4043.9072
2.8920,5.2730,0.4368,0.0649,3.7237,-0.1579,-0.1952,5.2500,0.4374,0.4368,5.0000,-0.2354,2.5000,5.0000,-0.4459,1.0000,0.0000,0.918,4605.7615
2.9040,5.3436,0.3109,0.0587,3.7237,-0.1941,-0.1934,5.2500,0.3247,0.3109,5.0000,-0.2234,2.5000,5.0000,-0.4232,1.0000,0.0000,0.921,3487.3522
2.9160,5.3423,0.4034,0.0587,3.8593,-0.2192,-0.1903,5.2500,0.4138,0.4034,5.0000,-0.2243,2.5000,5.0000,-0.4248,1.0000,0.0000,0.887,3102.5213
2.9280,5.4092,0.4527,0.0507,3.8670,-0.1887,-0.1848,5.5000,0.4617,0.4527,5.0000,-0.2271,2.5000,5.0000,-0.4301,1.0000,0.0000,0.885,2737.7786
2.9400,5.4343,0.3693,0.0529,3.8627,-0.2454,-0.1781,5.5000,0.3751,0.3693,5.0000,-0.2187,2.5000,5.0000,-0.4142,1.0000,0.0000,0.885,4437.3347
2.9520,5.5457,0.4446,0.0489,3.7701,-0.3053,-0.1810,5.5000,0.4470,0.4446,5.0000,-0.2156,2.5000,5.0000,-0.4084,1.0000,0.0000,0.900,4048.2633
2.9640,5.5543,0.4106,0.0423,3.8672,-0.2494,-0.1891,5.5000,0.4141,0.4106,5.0000,-0.2106,2.5000,5.0000,-0.3989,1.0000,0.0000,0.885,3394.8703
2.9760,5.5687,0.3326,0.0394,3.8837,-0.2903,-0.1893,5.5000,0.3396,0.3326,5.0000,-0.1989,2.5000,5.0000,-0.3768,1.0000,0.0000,0.900,2972.1745
2.9880,5.6567,0.4183,0.0380,3.8942,-0.2457,-0.1913,5.7500,0.4285,0.4183,5.0000,-0.1986,2.5000,5.0000,-0.3761,1.0000,0.0000,0.918,2502.7530
3.0000,5.7619,0.3227,0.0376,3.9104,-0.3276,-0.1889,5.7500,0.3230,0.3227,5.0000,-0.1866,2.5000,5.0000,-0.3534,1.0000,0.0000,0.890,3304.1498
3.0120,5.8032,0.3221,0.0393,3.8635,-0.2660,-0.1910,5.7500,0.3265,0.3221,5.0000,-0.1761,2.5000,5.0000,-0.3335,1.0000,0.0000,0.885,3179.2244
3.0240,5.8241,0.3864,0.0388,3.9515,-0.2143,-0.1967,5.7500,0.3934,0.3864,5.0000,-0.1760,2.5000,5.0000,-0.3333,1.0000,0.0000,0.886,2814.9718
3.0360,5.8837,0.3294,0.0418,3.9910,-0.3026,-0.1954,6.0000,0.3493,0.3294,5.0000,-0.1711,2.5000,5.0000,-0.3240,1.0000,0.0000,0.884,2094.7021
3.0480,5.8804,0.3599,0.0278,4.0198,-0.2219,-0.1821,6.0000,0.3793,0.3599,5.0000,-0.1651,2.5000,5.0000,-0.3127,1.0000,0.0000,0.915,4143.9417
3.0600,5.9871,0.3484,0.0282,3.9365,-0.2961,-0.1850,6.0000,0.3486,0.3484,5.0000,-0.1563,2.5000,5.0000,-0.2959,1.0000,0.0000,0.874,3479.8920
3.0720,6.0405,0.3496,0.0292,3.9656,-0.1960,-0.1916,6.0000,0.3520,0.3496,5.0000,-0.1521,2.5000,5.0000,-0.2881,1.0000,0.0000,0.943,2924.6718
3.0840,6.0673,0.3742,0.0256,3.9949,-0.2810,-0.1951,6.0000,0.3802,0.3742,5.0000,-0.1488,2.5000,5.0000,-0.2819,1.0000,0.0000,0.869,2654.0739
3.0960,6.0912,0.3167,0.0319,4.0363,-0.1465,-0.1921,6.0000,0.3295,0.3167,5.0000,-0.1461,2.5000,5.0000,-0.2767,1.0000,0.0000,0.881,2241.6389
3.1080,6.0935,0.3598,0.0130,4.1116,-0.2986,-0.1866,6.0000,0.3717,0.3598,5.0000,-0.1424,2.5000,5.0000,-0.2697,1.0000,0.0000,0.866,2062.7688
3.1200,6.1179,0.3197,0.0207,3.9964,-0.2753,-0.1894,6.0000,0.3408,0.3197,5.0000,-0.1350,2.5000,5.0000,-0.2558,1.0000,0.0000,0.881,2172.4593
3.1320,6.1930,0.3729,0.0106,4.0402,-0.3331,-0.1891,6.2500,0.3772,0.3729,5.0000,-0.1316,2.5000,5.0000,-0.2493,1.0000,0.0000,0.868,1692.6534
3.1440,6.1022,0.3605,0.0111,4.0825,-0.2022,-0.1867,6.0000,0.3747,0.3605,5.0000,-0.1255,2.5000,5.0000,-0.2378,1.0000,0.0000,0.869,4130.5254
3.1560,6.3304,0.3548,0.0144,4.0236,-0.2224,-0.1811,6.2500,0.3638,0.3548,5.0000,-0.1265,2.5000,5.0000,-0.2396,1.0000,0.0000,0.850,1083.1486
3.1680,6.4350,0.3155,0.0060,4.0269,-0.2854,-0.1634,6.5000,0.3222,0.3155,5.0000,-0.1193,2.5000,5.0000,-0.2259,1.0000,0.0000,0.847,1656.7964
3.1800,6.3908,0.4202,-0.0010,3.9984,-0.2479,-0.1587,6.5000,0.4342,0.4202,5.0000,-0.1154,2.5000,5.0000,-0.2185,1.0000,0.0000,0.916,4327.4843
3.1920,6.4829,0.3463,0.0128,4.0554,-0.1905,-0.1550,6.5000,0.3467,0.3463,5.0000,-0.1115,2.5000,5.0000,-0.2111,1.0000,0.0000,0.883,3031.8167
3.2040,6.4258,0.2988,0.0116,4.0248,-0.2218,-0.1513,6.5000,0.3078,0.2988,5.0000,-0.1025,2.5000,5.0000,-0.1941,1.0000,0.0000,0.866,3543.9946
3.2160,6.5905,0.3746,-0.0008,4.0914,-0.1177,-0.1450,6.5000,0.3854,0.3746,5.0000,-0.1048,2.5000,5.0000,-0.1985,1.0000,0.0000,0.868,2224.1291
3.2280,6.6518,0.4003,-0.0036,4.0726,-0.1866,-0.1343,6.7500,0.4122,0.4003,5.0000,-0.1064,2.5000,5.0000,-0.2016,1.0000,0.0000,0.885,1948.4195
3.2400,6.6694,0.2233,-0.0006,4.0323,-0.2916,-0.1271,6.7500,0.2374,0.2233,5.0000,-0.0944,2.5000,5.0000,-0.1789,1.0000,0.0000,0.901,3461.9749
3.2520,6.8363,0.3707,0.0013,4.0945,-0.1763,-0.1341,6.7500,0.3806,0.3707,5.0000,-0.0992,2.5000,5.0000,-0.1879,1.0000,0.0000,0.867,2214.8364
3.2640,6.7813,0.2633,-0.0048,4.0826,-0.1409,-0.1321,6.7500,0.2651,0.2633,5.0000,-0.0901,2.5000,5.0000,-0.1706,1.0000,0.0000,0.885,2410.3604
3.2760,6.8822,0.3723,-0.0158,4.1113,-0.1705,-0.1257,7.0000,0.3905,0.3723,5.0000,-0.0896,2.5000,5.0000,-0.1696,1.0000,0.0000,0.888,1888.5800
3.2880,6.8180,0.2840,-0.0138,4.1054,-0.2515,-0.1286,6.7500,0.2921,0.2840,5.0000,-0.0776,2.5000,5.0000,-0.1469,1.0000,0.0000,0.900,4200.1658
3.3000,6.9275,0.3800,-0.0126,4.0280,-0.1627,-0.1318,7.0000,0.3869,0.3800,5.0000,-0.0794,2.5000,5.0000,-0.1504,1.0000,0.0000,0.871,1866.3210
3.3120,6.9286,0.2913,-0.0108,4.2236,-0.0440,-0.1261,7.0000,0.2999,0.2913,5.0000,-0.0748,2.5000,5.0000,-0.1417,1.0000,0.0000,0.936,2768.1250
3.3240,7.0151,0.2909,-0.0129,4.1028,-0.1500,-0.1218,7.0000,0.2913,0.2909,5.0000,-0.0677,2.5000,5.0000,-0.1281,1.0000,0.0000,0.887,2511.6265
3.3360,7.0518,0.3258,-0.0111,4.0494,-0.1481,-0.1214,7.0000,0.3299,0.3258,5.0000,-0.0636,2.5000,5.0000,-0.1205,1.0000,0.0000,0.866,2494.8846
3.3480,7.1003,0.2316,-0.0111,4.1236,-0.1655,-0.1167,7.0000,0.2524,0.2316,5.0000,-0.0538,2.5000,5.0000,-0.1018,1.0000,0.0000,0.868,1790.3315
3.3600,7.2119,0.3804,-0.0204,4.1163,-0.1443,-0.1136,7.2500,0.3824,0.3804,5.0000,-0.0587,2.5000,5.0000,-0.1112,1.0000,0.0000,0.851,1483.6240
3.3720,7.2715,0.3011,-0.0186,4.1366,-0.1104,-0.0984,7.2500,0.3019,0.3011,5.0000,-0.0542,2.5000,5.0000,-0.1027,1.0000,0.0000,0.869,2379.1143
3.3840,7.2244,0.3855,-0.0240,4.2147,-0.1719,-0.0927,7.2500,0.3863,0.3855,5.0000,-0.0559,2.5000,5.0000,-0.1058,1.0000,0.0000,0.868,2648.9071
3.3960,7.3010,0.3411,-0.0207,4.2001,-0.0994,-0.0890,7.2500,0.3448,0.3411,5.0000,-0.0560,2.5000,5.0000,-0.1061,1.0000,0.0000,0.853,2091.5340
3.4080,7.4001,0.2793,-0.0198,4.1021,-0.1399,-0.0809,7.5000,0.2966,0.2793,5.0000,-0.0506,2.5000,5.0000,-0.0958,1.0000,0.0000,0.867,1626.1330
3.4200,7.3641,0.3865,-0.0250,4.1500,-0.1451,-0.0780,7.2500,0.4030,0.3865,5.0000,-0.0505,2.5000,5.0000,-0.0956,1.0000,0.0000,0.901,3800.7198
3.4320,7.4847,0.2734,-0.0232,4.2036,-0.1115,-0.0760,7.5000,0.2738,0.2734,5.0000,-0.0485,2.5000,5.0000,-0.0919,1.0000,0.0000,0.866,1019.4099
3.4440,7.4991,0.3615,-0.0252,4.1756,-0.1235,-0.0716,7.5000,0.3615,0.3615,5.0000,-0.0498,2.5000,5.0000,-0.0944,1.0000,0.0000,0.884,2550.7026
3.4560,7.5508,0.3010,-0.0169,4.1456,-0.1027,-0.0707,7.5000,0.3052,0.3010,5.0000,-0.0473,2.5000,5.0000,-0.0895,1.0000,0.0000,0.867,2151.4903
3.4680,7.5263,0.3041,-0.0270,4.1088,-0.0850,-0.0653,7.5000,0.3052,0.3041,5.0000,-0.0426,2.5000,5.0000,-0.0807,1.0000,0.0000,0.918,2447.1917
3.4800,7.5845,0.3186,-0.0236,4.1261,-0.0581,-0.0645,7.5000,0.3296,0.3186,5.0000,-0.0419,2.5000,5.0000,-0.0793,1.0000,0.0000,0.868,2036.7495
3.4920,7.6802,0.3310,-0.0306,4.1861,-0.1228,-0.0621,7.7500,0.3383,0.3310,5.0000,-0.0425,2.5000,5.0000,-0.0804,1.0000,0.0000,0.852,1391.3884
3.5040,7.8043,0.2651,-0.0201,4.1518,-0.1161,-0.0588,7.7500,0.2706,0.2651,5.0000,-0.0373,2.5000,5.0000,-0.0706,1.0000,0.0000,0.884,2053.0173
3.5160,7.7658,0.3598,-0.0264,4.1794,-0.0511,-0.0567,7.7500,0.3601,0.3598,5.0000,-0.0408,2.5000,5.0000,-0.0773,1.0000,0.0000,0.865,2425.4554
3.5280,7.7878,0.3241,-0.0323,4.1968,0.0192,-0.0535,7.7500,0.3263,0.3241,5.0000,-0.0409,2.5000,5.0000,-0.0774,1.0000,0.0000,0.849,2164.9292
3.5400,7.8680,0.3195,-0.0293,4.1794,-0.0421,-0.0502,7.7500,0.3406,0.3195,5.0000,-0.0412,2.5000,5.0000,-0.0780,1.0000,0.0000,0.830,1719.1099
3.5520,7.8954,0.2557,-0.0247,4.1130,-0.0993,-0.0510,8.0000,0.2762,0.2557,5.0000,-0.0354,2.5000,5.0000,-0.0670,1.0000,0.0000,0.830,1597.5287
3.5640,8.0336,0.2541,-0.0302,4.0433,-0.0658,-0.0520,8.0000,0.2563,0.2541,5.0000,-0.0263,2.5000,5.0000,-0.0498,1.0000,0.0000,0.907,2543.4385
3.5760,8.0040,0.2944,-0.0421,4.2394,-0.0800,-0.0552,8.0000,0.2944,0.2944,5.0000,-0.0226,2.5000,5.0000,-0.0428,1.0000,0.0000,0.902,2199.5670
3.5880,8.1774,0.2056,-0.0273,4.1490,-0.1804,-0.0518,8.2500,0.2181,0.2056,5.0000,-0.0132,2.5000,5.0000,-0.0249,1.0000,0.0000,0.899,1288.8405
3.6000,8.1222,0.2783,-0.0262,4.1535,-0.0709,-0.0491,8.0000,0.3040,0.2783,5.0000,-0.0106,2.5000,5.0000,-0.0202,1.0000,0.0000,0.913,3492.3259
3.6120,8.1897,0.3743,-0.0332,4.1174,-0.0282,-0.0432,8.2500,0.3792,0.3743,5.0000,-0.0180,2.5000,5.0000,-0.0341,1.0000,0.0000,0.850,1602.6543
3.6240,8.2277,0.2751,-0.0408,4.2314,-0.0380,-0.0361,8.2500,0.2760,0.2751,5.0000,-0.0135,2.5000,5.0000,-0.0255,1.0000,0.0000,0.890,2367.4269
3.6360,8.2444,0.2166,-0.0306,4.1038,-0.0113,-0.0299,8.2500,0.2167,0.2166,5.0000,-0.0049,2.5000,5.0000,-0.0093,1.0000,0.0000,0.884,2573.2867
3.6480,8.2807,0.2944,-0.0363,4.1111,0.0373,-0.0346,8.2500,0.2960,0.2944,5.0000,-0.0047,2.5000,5.0000,-0.0089,1.0000,0.0000,0.886,2405.1691
3.6600,8.3929,0.3840,-0.0335,4.2200,-0.0045,-0.0344,8.5000,0.3987,0.3840,5.0000,-0.0152,2.5000,5.0000,-0.0288,1.0000,0.0000,0.868,1670.4552
3.6720,8.4008,0.2300,-0.0363,4.1835,-0.0241,-0.0164,8.5000,0.2505,0.2300,5.0000,-0.0074,2.5000,5.0000,-0.0140,1.0000,0.0000,0.934,3050.1625
3.6840,8.5430,0.2782,-0.0471,4.1716,-0.1025,-0.0132,8.5000,0.2815,0.2782,5.0000,-0.0018,2.5000,5.0000,-0.0034,1.0000,0.0000,0.888,2099.2710
3.6960,8.6000,0.1471,-0.0319,4.1178,-0.0205,-0.0165,8.5000,0.1778,0.1471,5.0000,0.0102,2.5000,5.0000,0.0193,1.0000,0.0000,0.867,1748.9941
3.7080,8.6237,0.2727,-0.0350,4.2039,-0.1049,-0.0180,8.5000,0.2995,0.2727,5.0000,0.0085,2.5000,5.0000,0.0161,1.0000,0.0000,0.847,1540.7460
3.7200,8.5853,0.2739,-0.0401,4.2738,-0.0888,-0.0100,8.5000,0.2869,0.2739,5.0000,0.0082,2.5000,5.0000,0.0155,1.0000,0.0000,0.833,1599.5887
3.7320,8.7100,0.3304,-0.0396,4.1259,-0.0244,0.0009,8.7500,0.3328,0.3304,5.0000,0.0028,2.5000,5.0000,0.0052,1.0000,0.0000,0.849,1376.0152
3.7440,8.7656,0.2963,-0.0405,4.1735,-0.0566,0.0032,8.7500,0.2967,0.2963,5.0000,0.0036,2.5000,5.0000,0.0067,1.0000,0.0000,0.849,2309.4156
3.7560,8.8682,0.2193,-0.0381,4.2691,-0.0230,0.0029,8.7500,0.2491,0.2193,5.0000,0.0060,2.5000,5.0000,0.0113,1.0000,0.0000,1.166,1372.2501
3.7680,8.7852,0.2593,-0.0250,4.2187,-0.1090,-0.0064,8.7500,0.2617,0.2593,5.0000,0.0054,2.5000,5.0000,0.0103,1.0000,0.0000,0.988,1992.3817
3.7800,8.8408,0.3103,-0.0423,4.2011,0.0505,-0.0089,8.7500,0.3233,0.3103,5.0000,0.0014,2.5000,5.0000,0.0027,1.0000,0.0000,0.930,1812.8566
3.7920,8.9149,0.2877,-0.0376,4.1600,0.0001,-0.0003,9.0000,0.3000,0.2877,5.0000,-0.0005,2.5000,5.0000,-0.0010,1.0000,0.0000,0.867,1452.3290
3.8040,9.0306,0.2036,-0.0293,4.2777,-0.0794,0.0008,9.0000,0.2059,0.2036,5.0000,0.0035,2.5000,5.0000,0.0067,1.0000,0.0000,0.854,1803.4291
3.8160,9.0229,0.2324,-0.0418,4.2639,-0.0776,-0.0026,9.0000,0.2335,0.2324,5.0000,0.0077,2.5000,5.0000,0.0146,1.0000,0.0000,0.866,1922.7711
3.8280,9.0895,0.1119,-0.0406,4.2736,-0.0007,-0.0087,9.0000,0.1434,0.1119,5.0000,0.0194,2.5000,5.0000,0.0368,1.0000,0.0000,0.864,1442.2010
3.8400,9.1117,0.3221,-0.0373,4.2480,-0.1136,-0.0143,9.0000,0.3409,0.3221,5.0000,0.0122,2.5000,5.0000,0.0230,1.0000,0.0000,0.851,1595.9145
3.8520,9.2368,0.2321,-0.0377,4.2939,-0.0504,-0.0038,9.2500,0.2325,0.2321,5.0000,0.0105,2.4878,5.0000,0.0198,0.9951,0.0000,0.848,833.4265
3.8640,9.3010,0.2915,-0.0304,4.2558,0.0272,0.0071,9.2500,0.2960,0.2915,5.0000,0.0038,2.4893,5.0000,0.0072,0.9957,0.0000,0.880,1883.8462
3.8760,9.3474,0.2427,-0.0444,4.3433,0.0479,0.0119,9.2500,0.2615,0.2427,5.0000,0.0025,2.4875,5.0000,0.0047,0.9950,0.0000,0.831,1372.3659
3.8880,9.3705,0.2187,-0.0213,4.2809,0.0339,0.0157,9.2500,0.2497,0.2187,5.0000,-0.0008,2.4890,5.0000,-0.0016,0.9956,0.0000,0.867,1342.2009
3.9000,9.4214,0.1998,-0.0409,4.1737,-0.0345,0.0080,9.5000,0.2148,0.1998,5.0000,0.0040,2.4903,5.0000,0.0075,0.9961,0.0000,0.864,1267.8097
3.9120,9.3611,0.1946,-0.0320,4.2874,-0.0086,-0.0028,9.2500,0.2241,0.1946,5.0000,0.0092,2.4915,5.0000,0.0175,0.9966,0.0000,0.865,2972.5087
3.9240,9.5937,0.1886,-0.0394,4.2513,-0.0650,-0.0057,9.5000,0.2106,0.1886,5.0000,0.0107,2.4741,5.0000,0.0202,0.9896,0.0000,0.850,511.2422
3.9360,9.6087,0.1932,-0.0291,4.2671,0.0663,-0.0091,9.5000,0.2217,0.1932,5.0000,0.0098,2.4772,5.0000,0.0186,0.9909,0.0000,0.865,1401.6951
3.9480,9.6170,0.2372,-0.0492,4.2866,0.0536,-0.0029,9.5000,0.2645,0.2372,5.0000,0.0097,2.4799,5.0000,0.0183,0.9920,0.0000,0.832,1370.7732
3.9600,9.6630,0.2715,-0.0374,4.2355,0.0510,-0.0012,9.7500,0.2851,0.2715,5.0000,0.0048,2.4823,5.0000,0.0091,0.9929,0.0000,0.829,1295.9459
3.9720,9.7860,0.1177,-0.0333,4.2284,-0.0056,-0.0019,9.7500,0.1231,0.1177,5.0000,0.0147,2.4845,5.0000,0.0279,0.9938,0.0000,0.865,1837.3226
3.9840,9.7596,0.1627,-0.0365,4.2325,0.0879,-0.0085,9.7500,0.1630,0.1627,5.0000,0.0190,2.4863,5.0000,0.0359,0.9945,0.0000,0.852,2019.6769
3.9960,9.7880,0.2579,-0.0364,4.2142,0.0244,-0.0150,9.7500,0.2607,0.2579,5.0000,0.0167,2.4880,5.0000,0.0317,0.9952,0.0000,0.833,1992.4690
4.0080,9.7830,0.1766,-0.0434,4.3159,0.0292,-0.0009,9.7500,0.1797,0.1766,5.0000,0.0210,2.4894,5.0000,0.0398,0.9958,0.0000,0.883,1686.3336
4.0200,9.8957,0.1850,-0.0391,4.2020,0.0593,-0.0027,10.0000,0.2124,0.1850,5.0000,0.0232,2.4907,5.0000,0.0439,0.9963,0.0000,0.834,1329.5046
4.0320,10.0086,0.2491,-0.0341,4.3099,0.0842,-0.0018,10.0000,0.2492,0.2491,5.0000,0.0177,2.4918,5.0000,0.0335,0.9967,0.0000,0.831,1934.3580
4.0440,10.0119,0.2264,-0.0409,4.2733,0.0142,0.0056,10.0000,0.2267,0.2264,5.0000,0.0180,2.4928,5.0000,0.0341,0.9971,0.0000,0.835,1959.2387
4.0560,10.0923,0.2065,-0.0362,4.2580,-0.0513,0.0157,10.0000,0.2262,0.2065,5.0000,0.0193,2.4936,5.0000,0.0365,0.9975,0.0000,0.848,1504.5648
4.0680,10.0745,0.1794,-0.0297,4.2694,0.1148,0.0147,10.0000,0.1943,0.1794,5.0000,0.0181,2.4944,5.0000,0.0342,0.9978,0.0000,0.867,1555.9538
4.0800,10.1588,0.2498,-0.0416,4.2479,0.0893,0.0146,10.2500,0.2660,0.2498,5.0000,0.0133,2.4951,5.0000,0.0253,0.9980,0.0000,0.853,1257.3666
4.0920,10.1705,0.1802,-0.0374,4.3005,0.1990,0.0225,10.2500,0.1970,0.1802,5.0000,0.0144,2.4957,5.0000,0.0274,0.9983,0.0000,0.883,2460.5127
4.1040,10.2227,0.2710,-0.0426,4.2798,-0.0334,0.0231,10.2500,0.2723,0.2710,5.0000,0.0125,2.4962,5.0000,0.0237,0.9985,0.0000,0.835,2250.6411
4.1160,10.3671,0.1684,-0.0343,4.2484,0.0524,0.0183,10.2500,0.2051,0.1684,5.0000,0.0148,2.4966,5.0000,0.0280,0.9987,0.0000,0.849,1361.9116
4.1280,10.3363,0.2951,-0.0246,4.2281,0.1094,0.0197,10.2500,0.3074,0.2951,5.0000,0.0034,2.4971,5.0000,0.0065,0.9988,0.0000,0.849,1764.3893
4.1400,10.3927,0.1194,-0.0318,4.2752,0.0422,0.0272,10.5000,0.1605,0.1194,5.0000,0.0090,2.4974,5.0000,0.0171,0.9990,0.0000,0.866,1151.4735
4.1520,10.5361,0.1870,-0.0331,4.3526,0.0630,0.0246,10.5000,0.1905,0.1870,5.0000,0.0076,2.4977,5.0000,0.0144,0.9991,0.0000,0.865,1591.5208
4.1640,10.5372,0.2406,-0.0288,4.2651,0.0659,0.0225,10.5000,0.2434,0.2406,5.0000,0.0030,2.4980,5.0000,0.0057,0.9992,0.0000,0.864,1848.2813
4.1760,10.6520,0.2008,-0.0191,4.4220,0.0349,0.0247,10.7500,0.2234,0.2008,5.0000,-0.0040,2.4740,5.0000,-0.0077,0.9896,0.0000,0.865,979.2308
4.1880,10.6520,0.1722,-0.0314,4.2377,0.0312,0.0356,10.7500,0.1981,0.1722,5.0000,-0.0003,2.4771,5.0000,-0.0005,0.9909,0.0000,0.920,2784.8656
4.2000,10.7702,0.2174,-0.0302,4.3859,0.0601,0.0331,10.7500,0.2184,0.2174,5.0000,-0.0047,2.4787,5.0000,-0.0089,0.9915,0.0000,0.885,1653.3320
4.2120,10.6988,0.1893,-0.0358,4.2851,-0.0324,0.0304,10.7500,0.1961,0.1893,5.0000,-0.0003,2.4813,5.0000,-0.0006,0.9925,0.0000,0.867,2296.0200
4.2240,10.8335,0.1597,-0.0217,4.2466,-0.0007,0.0276,10.7500,0.1802,0.1597,5.0000,0.0017,2.4835,5.0000,0.0032,0.9934,0.0000,0.851,1525.0402
4.2360,10.8859,0.1381,-0.0318,4.3318,-0.0099,0.0217,11.0000,0.1791,0.1381,5.0000,0.0050,2.4792,5.0000,0.0095,0.9917,0.0000,0.864,1102.4970
4.2480,10.9031,0.2007,-0.0245,4.2007,0.0001,0.0190,11.0000,0.2229,0.2007,5.0000,0.0066,2.4817,5.0000,0.0126,0.9927,0.0000,0.913,2919.0083
4.2600,10.9376,0.1620,-0.0344,4.3200,0.0693,0.0155,11.0000,0.1736,0.1620,5.0000,0.0101,2.4839,5.0000,0.0191,0.9936,0.0000,0.848,2254.7733
4.2720,10.9496,0.2247,-0.0244,4.2677,0.0379,0.0183,11.0000,0.2303,0.2247,5.0000,0.0071,2.4859,5.0000,0.0134,0.9943,0.0000,0.866,2379.9685
4.2840,11.0049,0.1704,-0.0251,4.2736,-0.0829,0.0180,11.0000,0.1705,0.1704,5.0000,0.0104,2.4876,5.0000,0.0197,0.9950,0.0000,0.866,1923.9174
4.2960,11.0410,0.2532,-0.0290,4.3929,0.0622,0.0192,11.0000,0.2565,0.2532,5.0000,0.0009,2.4843,5.0000,0.0017,0.9937,0.0000,0.850,1593.5073
4.3080,11.1242,0.1693,-0.0265,4.3057,-0.0648,0.0232,11.0000,0.2100,0.1693,5.0000,0.0026,2.4860,5.0000,0.0049,0.9944,0.0000,0.849,1210.7004
4.3200,11.2260,0.2542,-0.0354,4.3480,-0.0272,0.0182,11.2500,0.2553,0.2542,5.0000,-0.0045,2.4678,5.0000,-0.0085,0.9871,0.0000,0.848,848.8978
4.3320,11.2785,0.1580,-0.0293,4.3266,0.1258,0.0164,11.2500,0.1606,0.1580,5.0000,-0.0031,2.4716,5.0000,-0.0059,0.9887,0.0000,0.881,1661.2493
4.3440,11.3093,0.1826,-0.0351,4.2701,-0.0493,0.0118,11.2500,0.1920,0.1826,5.0000,0.0011,2.4750,5.0000,0.0020,0.9900,0.0000,0.832,1624.4670
4.3560,11.3762,0.1744,-0.0270,4.4034,-0.0675,0.0086,11.5000,0.2139,0.1744,5.0000,0.0001,2.4604,5.0000,0.0002,0.9842,0.0000,0.846,1065.3501
4.3680,11.3888,0.1739,-0.0341,4.3621,0.1237,0.0052,11.5000,0.2064,0.1739,5.0000,0.0021,2.4651,5.0000,0.0039,0.9861,0.0000,0.864,2504.4451
4.3800,11.4850,0.1884,-0.0319,4.3903,0.0027,0.0066,11.5000,0.1890,0.1884,5.0000,0.0028,2.4693,5.0000,0.0052,0.9877,0.0000,0.905,1798.1380
4.3920,11.5050,0.0982,-0.0320,4.3462,-0.0280,0.0012,11.5000,0.0983,0.0982,5.0000,0.0124,2.4730,5.0000,0.0234,0.9892,0.0000,0.916,1720.1835
4.4040,11.5712,0.1654,-0.0325,4.3405,0.0927,-0.0016,11.5000,0.1801,0.1654,5.0000,0.0113,2.4762,5.0000,0.0214,0.9905,0.0000,0.832,1407.6849
4.4160,11.5357,0.1651,-0.0280,4.2633,0.0164,-0.0073,11.5000,0.1690,0.1651,5.0000,0.0139,2.4791,5.0000,0.0262,0.9916,0.0000,0.850,1760.5538
4.4280,11.7381,0.1069,-0.0322,4.4166,-0.0142,0.0013,11.7500,0.1076,0.1069,5.0000,0.0161,2.4455,5.0000,0.0304,0.9782,0.0000,0.865,591.4632
4.4400,11.8392,0.1882,-0.0300,4.3838,-0.0673,0.0013,11.7500,0.2083,0.1882,5.0000,0.0148,2.4427,5.0000,0.0281,0.9771,0.0000,0.870,1267.2931
4.4520,11.7351,0.0958,-0.0270,4.3168,0.0050,-0.0016,11.7500,0.0970,0.0958,5.0000,0.0231,2.4496,5.0000,0.0437,0.9798,0.0000,0.863,1904.3668
4.4640,11.8824,0.1209,-0.0403,4.4257,0.0736,0.0001,12.0000,0.1687,0.1209,5.0000,0.0249,2.4333,5.0000,0.0472,0.9733,0.0000,0.852,974.6301
4.4760,11.8827,0.0886,-0.0369,4.2651,0.0207,-0.0048,12.0000,0.1470,0.0886,5.0000,0.0369,2.4413,5.0000,0.0699,0.9765,0.0000,0.899,2805.1995
4.4880,11.8963,0.1930,-0.0357,4.4087,-0.0014,-0.0075,12.0000,0.2191,0.1930,5.0000,0.0355,2.4483,5.0000,0.0672,0.9793,0.0000,0.868,2326.1258
4.5000,11.9868,0.0967,-0.0344,4.2695,0.0737,-0.0021,12.0000,0.0976,0.0967,5.0000,0.0439,2.4545,5.0000,0.0831,0.9818,0.0000,0.832,2008.3907
4.5120,11.9915,0.1556,-0.0341,4.4204,0.0583,0.0017,12.0000,0.1558,0.1556,5.0000,0.0423,2.4559,5.0000,0.0802,0.9823,0.0000,0.876,1672.2549
4.5240,12.1158,0.0873,-0.0254,4.3704,0.1032,0.0067,12.0000,0.1451,0.0873,5.0000,0.0440,2.4505,5.0000,0.0834,0.9802,0.0000,0.849,1098.2112
4.5360,12.1072,0.1492,-0.0241,4.3678,0.0532,0.0153,12.0000,0.1837,0.1492,5.0000,0.0406,2.4475,5.0000,0.0769,0.9790,0.0000,0.846,1179.8515
4.5480,12.1446,0.0736,-0.0417,4.2492,0.0883,0.0218,12.2500,0.1285,0.0736,5.0000,0.0494,2.4538,5.0000,0.0936,0.9815,0.0000,0.844,1167.2114
4.5600,12.1502,0.1796,-0.0304,4.4281,0.0244,0.0172,12.2500,0.2055,0.1796,5.0000,0.0470,2.4593,5.0000,0.0890,0.9837,0.0000,0.846,2233.4995
4.5720,12.2827,0.0812,-0.0297,4.3281,0.1091,0.0310,12.2500,0.0875,0.0812,5.0000,0.0523,2.4642,5.0000,0.0991,0.9857,0.0000,0.846,1576.9558
4.5840,12.3503,0.2131,-0.0177,4.3949,0.1515,0.0347,12.2500,0.2356,0.2131,5.0000,0.0403,2.4560,5.0000,0.0764,0.9824,0.0000,0.866,1284.1121
4.5960,12.3914,0.0830,-0.0352,4.4390,0.0223,0.0459,12.5000,0.1367,0.0830,5.0000,0.0449,2.4344,5.0000,0.0851,0.9738,0.0000,0.847,892.5194
4.6080,12.4256,0.1301,-0.0258,4.3528,0.0092,0.0464,12.5000,0.1499,0.1301,5.0000,0.0483,2.4423,5.0000,0.0916,0.9769,0.0000,0.895,2213.5092
4.6200,12.4730,0.1124,-0.0228,4.3834,0.1403,0.0438,12.5000,0.1156,0.1124,5.0000,0.0488,2.4492,5.0000,0.0923,0.9797,0.0000,0.837,1819.7822
4.6320,12.5413,0.0385,-0.0300,4.4034,0.0394,0.0463,12.5000,0.0564,0.0385,5.0000,0.0579,2.4479,5.0000,0.1096,0.9791,0.0000,0.849,1387.8060
4.6440,12.5637,0.0604,-0.0265,4.3489,0.0885,0.0508,12.5000,0.0878,0.0604,5.0000,0.0631,2.4534,5.0000,0.1194,0.9813,0.0000,0.830,1365.2927
4.6560,12.6770,0.0869,-0.0328,4.3786,0.0509,0.0514,12.7500,0.1134,0.0869,5.0000,0.0660,2.4390,5.0000,0.1250,0.9756,0.0000,0.848,827.6742
4.6680,12.6699,0.1131,-0.0240,4.3860,0.1638,0.0535,12.7500,0.1386,0.1131,5.0000,0.0661,2.4463,5.0000,0.1252,0.9785,0.0000,0.880,2155.0637
4.6800,12.7696,0.0459,-0.0199,4.2379,0.1132,0.0635,12.7500,0.0500,0.0459,5.0000,0.0741,2.4528,5.0000,0.1403,0.9811,0.0000,0.847,1850.8179
4.6920,12.8287,0.0850,-0.0219,4.4271,0.0761,0.0664,12.7500,0.1158,0.0850,5.0000,0.0731,2.4427,5.0000,0.1385,0.9771,0.0000,0.883,1172.7325
4.7040,12.9202,0.1449,-0.0269,4.4188,0.0583,0.0726,13.0000,0.1654,0.1449,5.0000,0.0688,2.4231,5.0000,0.1304,0.9693,0.0000,0.832,849.2049
4.7160,13.0047,0.1137,-0.0206,4.4630,0.0842,0.0751,13.0000,0.1138,0.1137,5.0000,0.0684,2.4186,5.0000,0.1296,0.9674,0.0000,0.824,1487.0776
4.7280,13.0837,0.1745,-0.0139,4.3063,0.1087,0.0864,13.0000,0.1936,0.1745,5.0000,0.0627,2.4283,5.0000,0.1187,0.9713,0.0000,0.881,1423.6422
4.7400,13.0346,0.0444,-0.0218,4.3751,0.0777,0.0809,13.0000,0.0563,0.0444,5.0000,0.0705,2.4350,5.0000,0.1335,0.9740,0.0000,0.811,1459.4076
4.7520,13.0744,0.0868,-0.0182,4.4091,0.0247,0.0769,13.0000,0.1143,0.0868,5.0000,0.0729,2.4306,5.0000,0.1381,0.9722,0.0000,0.831,1214.2578
4.7640,13.1650,0.1386,-0.0157,4.3765,0.0802,0.0697,13.2500,0.1626,0.1386,5.0000,0.0686,2.4210,5.0000,0.1299,0.9684,0.0000,0.827,917.9181
4.7760,13.2574,0.0981,-0.0199,4.2475,0.0578,0.0738,13.2500,0.0984,0.0981,5.0000,0.0757,2.4305,5.0000,0.1434,0.9722,0.0000,0.860,1917.3181
4.7880,13.2394,0.1287,-0.0172,4.4470,-0.0049,0.0787,13.2500,0.1292,0.1287,5.0000,0.0761,2.4299,5.0000,0.1441,0.9720,0.0000,0.847,1597.5465
4.8000,13.3140,0.1978,-0.0194,4.3570,0.0369,0.0793,13.2500,0.2079,0.1978,5.0000,0.0720,2.4359,5.0000,0.1363,0.9744,0.0000,0.829,1444.0783
4.8120,13.3097,0.1289,-0.0186,4.3639,0.0416,0.0816,13.2500,0.1420,0.1289,5.0000,0.0741,2.4404,5.0000,0.1404,0.9762,0.0000,0.828,1377.8486
4.8240,13.4618,0.1304,-0.0214,4.3079,0.1800,0.0851,13.5000,0.1359,0.1304,5.0000,0.0729,2.4358,5.0000,0.1381,0.9743,0.0000,0.828,814.6535
4.8360,13.4374,0.0638,-0.0207,4.3311,0.1052,0.0864,13.5000,0.0894,0.0638,5.0000,0.0835,2.4435,5.0000,0.1582,0.9774,0.0000,0.860,2153.1957
4.8480,13.5352,0.1213,-0.0122,4.3433,0.0967,0.0769,13.5000,0.1263,0.1213,5.0000,0.0847,2.4503,5.0000,0.1605,0.9801,0.0000,0.831,1537.5218
4.8600,13.5727,-0.0140,-0.0086,4.3338,0.0823,0.0865,13.5000,0.0740,-0.0140,5.0000,0.0967,2.4562,5.0000,0.1832,0.9825,0.0000,0.830,1351.2570
4.8720,13.6356,0.1096,-0.0114,4.3156,0.0887,0.0866,13.7500,0.1584,0.1096,5.0000,0.0964,2.4578,5.0000,0.1826,0.9831,0.0000,0.828,1088.3144
4.8840,13.7136,0.0786,-0.0099,4.3200,0.1454,0.0930,13.7500,0.0866,0.0786,5.0000,0.1027,2.4628,5.0000,0.1945,0.9851,0.0000,0.861,1994.2379
4.8960,13.7343,0.1317,-0.0051,4.4300,0.0730,0.0933,13.7500,0.1327,0.1317,5.0000,0.1008,2.4612,5.0000,0.1909,0.9845,0.0000,0.846,1654.1495
4.9080,13.8395,0.1216,-0.0072,4.3298,0.0808,0.0988,13.7500,0.1510,0.1216,5.0000,0.1021,2.4647,5.0000,0.1933,0.9859,0.0000,0.846,1279.8952
4.9200,13.7761,0.1666,-0.0031,4.3552,0.1446,0.1015,13.7500,0.1687,0.1666,5.0000,0.0966,2.4689,5.0000,0.1829,0.9876,0.0000,0.861,1607.4860
4.9320,13.8684,0.1525,-0.0007,4.4309,0.1376,0.1098,13.7500,0.1930,0.1525,5.0000,0.0901,2.4499,5.0000,0.1706,0.9800,0.0000,0.846,1055.9636
4.9440,14.0105,0.1567,0.0026,4.4000,0.0329,0.1118,14.0000,0.1570,0.1567,5.0000,0.0843,2.4188,5.0000,0.1597,0.9675,0.0000,0.843,590.9723
4.9560,14.0832,0.0847,-0.0062,4.3451,0.1743,0.1154,14.0000,0.1188,0.0847,5.0000,0.0898,2.4254,5.0000,0.1701,0.9701,0.0000,0.840,1270.9857
4.9680,14.0243,0.0919,-0.0027,4.3988,0.1232,0.1047,14.0000,0.0950,0.0919,5.0000,0.0946,2.4291,5.0000,0.1792,0.9716,0.0000,0.814,1471.4064
4.9800,14.1095,0.1604,0.0012,4.4326,0.1805,0.0981,14.0000,0.1943,0.1604,5.0000,0.0885,2.4158,5.0000,0.1676,0.9663,0.0000,0.828,1097.2111
4.9920,13.9648,0.1020,0.0054,4.3873,0.0800,0.1073,14.0000,0.1079,0.1020,5.0000,0.0910,2.4259,5.0000,0.1724,0.9704,0.0000,0.894,1832.9445
5.0040,14.1301,0.1444,0.0061,4.3446,0.1258,0.1128,14.2500,0.1876,0.1444,5.0000,0.0887,2.4264,5.0000,0.1679,0.9705,0.0000,0.888,1101.6939
5.0160,14.2280,0.1443,0.0031,4.3970,0.0562,0.1132,14.2500,0.1459,0.1443,5.0000,0.0922,2.4349,5.0000,0.1747,0.9740,0.0000,0.832,1747.4298
5.0280,14.2127,0.2362,0.0076,4.4219,0.1484,0.1070,14.2500,0.2391,0.2362,5.0000,0.0834,2.4394,5.0000,0.1579,0.9758,0.0000,0.828,1922.3208
5.0400,14.4045,0.1019,0.0064,4.3246,0.1058,0.1086,14.5000,0.1396,0.1019,5.0000,0.0890,2.4385,5.0000,0.1685,0.9754,0.0000,0.847,977.6639
5.0520,14.4785,0.1688,0.0106,4.3843,0.1571,0.1023,14.5000,0.1702,0.1688,5.0000,0.0901,2.4459,5.0000,0.1707,0.9783,0.0000,0.896,1785.8723
5.0640,14.3746,0.1756,0.0131,4.3626,0.0452,0.0993,14.2500,0.2153,0.1756,5.0000,0.0939,2.4524,5.0000,0.1778,0.9809,0.0000,0.867,2522.7056
5.0760,14.4766,0.1762,0.0127,4.3606,0.0943,0.0987,14.5000,0.1777,0.1762,5.0000,0.0893,2.4336,5.0000,0.1691,0.9735,0.0000,0.865,742.2349
5.0880,14.5009,0.1457,0.0071,4.4064,0.0930,0.1032,14.5000,0.1457,0.1457,5.0000,0.0935,2.4369,5.0000,0.1770,0.9747,0.0000,0.828,1596.9356
5.1000,14.7104,0.1169,0.0165,4.3757,0.0886,0.0995,14.7500,0.1234,0.1168,5.0000,0.0977,2.4191,5.0000,0.1851,0.9676,0.0000,0.848,706.4266
5.1120,14.7195,0.0626,0.0169,4.3790,0.1833,0.0908,14.7500,0.0696,0.0626,5.0000,0.1096,2.4288,5.0000,0.2076,0.9715,0.0000,0.897,1814.5979
5.1240,14.6912,0.1530,0.0140,4.3968,0.1243,0.0881,14.7500,0.1639,0.1530,5.0000,0.1137,2.4373,5.0000,0.2154,0.9749,0.0000,0.845,1954.7357
5.1360,14.8268,0.1688,0.0126,4.4110,0.1373,0.0850,14.7500,0.1854,0.1688,5.0000,0.1156,2.4304,5.0000,0.2190,0.9722,0.0000,0.896,1221.5937
5.1480,14.9355,0.1740,0.0223,4.4014,0.1229,0.0937,15.0000,0.1856,0.1742,5.0000,0.1139,2.4114,5.0000,0.2157,0.9646,0.0000,0.843,806.7269
5.1600,14.8601,0.2037,0.0146,4.4366,0.1093,0.0979,14.7500,0.2315,0.2038,5.0000,0.1165,2.4221,5.0000,0.2207,0.9688,0.0000,0.895,2423.0405
5.1720,14.8903,0.1258,0.0179,4.2871,0.2164,0.0996,15.0000,0.1669,0.1261,5.0000,0.1211,2.4310,5.0000,0.2294,0.9724,0.0000,0.848,1100.5457
5.1840,15.0238,0.1961,0.0258,4.3067,0.0438,0.1004,15.0000,0.1975,0.1960,5.0000,0.1253,2.4393,5.0000,0.2373,0.9757,0.0000,0.878,1673.4183
5.1960,14.9473,0.1683,0.0307,4.3258,0.1478,0.0995,15.0000,0.1763,0.1684,5.0000,0.1274,2.4466,5.0000,0.2414,0.9786,0.0000,0.861,2080.7799
5.2080,15.1002,0.0960,0.0254,4.3180,0.1622,0.1110,15.0000,0.1387,0.0957,5.0000,0.1365,2.4520,5.0000,0.2586,0.9808,0.0000,0.848,1218.0976
5.2200,15.2054,0.1658,0.0272,4.3224,0.1803,0.1104,15.2500,0.1693,0.1641,5.0000,0.1357,2.4424,5.0000,0.2570,0.9770,0.0000,0.844,798.9481
5.2320,15.1346,0.1491,0.0235,4.3224,0.1354,0.1174,15.2500,0.1866,0.1488,5.0000,0.1444,2.4493,5.0000,0.2735,0.9797,0.0000,0.875,2518.9620
5.2440,15.1929,0.0974,0.0323,4.3068,0.1429,0.1197,15.2500,0.1108,0.0960,5.0000,0.1560,2.4554,5.0000,0.2954,0.9822,0.0000,0.898,2146.7099
5.2560,15.2612,0.1990,0.0252,4.4386,0.1850,0.1215,15.2500,0.1968,0.1963,5.0000,0.1516,2.4487,5.0000,0.2870,0.9795,0.0000,0.848,1485.7325
5.2680,15.2708,0.2455,0.0276,4.3340,0.1667,0.1340,15.2500,0.2439,0.2426,5.0000,0.1472,2.4549,5.0000,0.2789,0.9820,0.0000,0.880,1664.1234
5.2800,15.4103,0.1397,0.0340,4.3173,0.2681,0.1450,15.5001,0.1579,0.1333,5.0000,0.1491,2.4514,5.0000,0.2825,0.9806,0.0000,0.828,948.4617
5.2920,15.5088,0.2102,0.0272,4.3240,0.2690,0.1455,15.5001,0.2006,0.1999,5.0000,0.1509,2.4573,5.0000,0.2858,0.9829,0.0000,0.928,1694.4043
5.3040,15.5941,0.2438,0.0363,4.3847,0.2464,0.1439,15.5001,0.2523,0.2302,5.0000,0.1461,2.4490,5.0000,0.2766,0.9796,0.0000,0.861,1201.2652
5.3160,15.6376,0.1869,0.0413,4.4212,0.1802,0.1442,15.7504,0.1997,0.1713,5.0000,0.1458,2.4298,5.0000,0.2761,0.9719,0.0000,0.842,915.0254
5.3280,15.5922,0.2392,0.0413,4.2727,0.1423,0.1534,15.5001,0.2472,0.2257,5.0000,0.1496,2.4382,5.0000,0.2834,0.9753,0.0000,0.907,2985.4855
5.3400,15.6489,0.2100,0.0391,4.3695,0.1910,0.1502,15.7504,0.2137,0.1937,5.0000,0.1477,2.4287,5.0000,0.2796,0.9715,0.0000,0.868,954.3682
5.3520,15.6773,0.1997,0.0475,4.3853,0.2004,0.1529,15.7504,0.1922,0.1817,5.0000,0.1501,2.4373,5.0000,0.2843,0.9749,0.0000,0.885,2026.4220
5.3640,15.7776,0.2839,0.0453,4.3680,0.0721,0.1568,15.7504,0.2636,0.2602,5.0000,0.1487,2.4416,5.0000,0.2817,0.9766,0.0000,0.846,1525.8178
5.3760,15.9818,0.1538,0.0597,4.2958,0.1787,0.1582,16.0009,0.1170,0.1166,5.0000,0.1541,2.4340,5.0000,0.2919,0.9736,0.0000,0.847,682.2027
5.3880,15.8153,0.2145,0.0475,4.3468,0.1852,0.1598,15.7504,0.2036,0.1888,5.0000,0.1600,2.4419,5.0000,0.3030,0.9768,0.0000,1.015,2926.0281
5.4000,15.9477,0.2559,0.0505,4.2869,0.1701,0.1544,16.0009,0.2239,0.2210,5.0000,0.1575,2.4399,5.0000,0.2982,0.9759,0.0000,0.914,875.2982
5.4120,15.9552,0.2865,0.0590,4.3467,0.2798,0.1559,16.0009,0.2523,0.2510,5.0000,0.1523,2.4471,5.0000,0.2885,0.9788,0.0000,0.951,1971.9725
5.4240,16.0094,0.1964,0.0574,4.3630,0.1920,0.1578,16.0009,0.1585,0.1570,5.0000,0.1570,2.4534,5.0000,0.2974,0.9814,0.0000,0.861,1558.8320
5.4360,16.0235,0.2526,0.0560,4.3421,0.1491,0.1587,16.0009,0.2157,0.2121,5.0000,0.1586,2.4590,5.0000,0.3004,0.9836,0.0000,0.882,1540.4773
5.4480,16.0266,0.2327,0.0611,4.3550,0.2332,0.1452,16.0009,0.1963,0.1919,5.0000,0.1585,2.4635,5.0000,0.3002,0.9854,0.0000,0.826,1495.3338
5.4600,16.2037,0.2879,0.0592,4.3129,0.2218,0.1522,16.2518,0.2335,0.2321,5.0000,0.1546,2.4524,5.0000,0.2928,0.9810,0.0000,0.841,821.9886
5.4720,16.1858,0.3230,0.0601,4.2851,0.2801,0.1616,16.2518,0.2717,0.2688,5.0000,0.1522,2.4581,5.0000,0.2883,0.9832,0.0000,0.893,2235.9944
5.4840,16.2716,0.2644,0.0649,4.4133,0.3102,0.1629,16.2518,0.2065,0.2026,5.0000,0.1507,2.4528,5.0000,0.2853,0.9811,0.0000,0.848,1415.0928
5.4960,16.3201,0.3126,0.0666,4.3561,0.2704,0.1650,16.2518,0.2631,0.2461,5.0000,0.1464,2.4518,5.0000,0.2773,0.9807,0.0000,0.810,1309.7641
5.5080,16.4137,0.2911,0.0740,4.1827,0.3645,0.1673,16.5031,0.2244,0.2152,5.0000,0.1444,2.4576,5.0000,0.2735,0.9830,0.0000,0.846,1147.7463
5.5200,16.3923,0.2711,0.0634,4.4042,0.1500,0.1715,16.5031,0.2159,0.1976,5.0000,0.1516,2.4627,5.0000,0.2872,0.9851,0.0000,0.826,2162.7392
5.5320,16.5916,0.2854,0.0799,4.3225,0.2480,0.1688,16.5031,0.2212,0.1904,5.0000,0.1523,2.4641,5.0000,0.2885,0.9856,0.0000,0.847,1208.3498
5.5440,16.4999,0.3147,0.0772,4.3819,0.2904,0.1690,16.5031,0.2307,0.2294,5.0000,0.1491,2.4654,5.0000,0.2825,0.9862,0.0000,0.811,1579.9859
5.5560,16.4182,0.4379,0.0814,4.3316,0.2617,0.1772,16.5031,0.3632,0.3606,5.0000,0.1371,2.4696,5.0000,0.2597,0.9878,0.0000,0.858,2328.8443
5.5680,16.6135,0.4130,0.0763,4.3046,0.2918,0.1878,16.7547,0.3296,0.3145,5.0000,0.1292,2.4688,5.0000,0.2446,0.9875,0.0000,0.847,1263.3496
5.5800,16.7367,0.3776,0.0805,4.3817,0.2236,0.1913,16.7547,0.2650,0.2643,5.0000,0.1287,2.4702,5.0000,0.2438,0.9881,0.0000,0.811,1646.3927
5.5920,16.7476,0.3502,0.0870,4.3165,0.2102,0.1880,16.7547,0.2372,0.2357,5.0000,0.1307,2.4737,5.0000,0.2475,0.9895,0.0000,0.917,1702.1280
5.6040,16.7671,0.3447,0.0823,4.3338,0.2627,0.1828,16.7547,0.2324,0.2279,5.0000,0.1328,2.4769,5.0000,0.2515,0.9908,0.0000,0.855,1556.7641
5.6160,16.8890,0.3341,0.0859,4.2185,0.1741,0.1797,17.0069,0.2186,0.2018,5.0000,0.1394,2.4797,5.0000,0.2640,0.9919,0.0000,0.848,1152.8168
5.6280,16.8472,0.4244,0.0946,4.4004,0.1106,0.1737,17.0069,0.3177,0.2969,5.0000,0.1371,2.4821,5.0000,0.2596,0.9928,0.0000,0.846,2468.5040
5.6400,16.9432,0.4098,0.0934,4.2790,0.1947,0.1734,17.0069,0.2701,0.2693,5.0000,0.1383,2.4842,5.0000,0.2619,0.9937,0.0000,0.881,2118.3652
5.6520,17.0141,0.4095,0.0976,4.2416,0.2446,0.1775,17.0069,0.2641,0.2592,5.0000,0.1382,2.4861,5.0000,0.2618,0.9945,0.0000,0.830,1770.0829
5.6640,17.0044,0.4085,0.0965,4.3121,0.2131,0.1725,17.0069,0.2628,0.2597,5.0000,0.1375,2.4878,5.0000,0.2604,0.9951,0.0000,0.848,1668.0249
5.6760,17.1785,0.4462,0.0979,4.2465,0.1987,0.1668,17.2595,0.2734,0.2717,5.0000,0.1353,2.4870,5.0000,0.2562,0.9948,0.0000,0.871,966.4915
5.6880,17.1114,0.4651,0.1076,4.3936,0.2991,0.1603,17.2595,0.3150,0.3006,5.0000,0.1292,2.4886,5.0000,0.2447,0.9954,0.0000,0.860,2392.9342
5.7000,17.1376,0.4549,0.1028,4.4321,0.2071,0.1623,17.2595,0.2949,0.2865,5.0000,0.1266,2.4894,5.0000,0.2398,0.9957,0.0000,0.851,2100.8262
5.7120,17.2103,0.4113,0.1086,4.3157,0.2378,0.1561,17.2595,0.2325,0.2325,5.0000,0.1289,2.4906,5.0000,0.2441,0.9963,0.0000,0.867,1892.4953
5.7240,17.2664,0.4442,0.1001,4.2867,0.2034,0.1507,17.2595,0.2624,0.2564,5.0000,0.1317,2.4918,5.0000,0.2495,0.9967,0.0000,0.849,1635.0742
5.7360,17.2986,0.4569,0.1049,4.3634,0.1720,0.1450,17.2595,0.2789,0.2641,5.0000,0.1311,2.4858,5.0000,0.2484,0.9943,0.0000,0.845,1333.6197
5.7480,17.4139,0.4670,0.1107,4.2836,0.1569,0.1510,17.5127,0.2595,0.2556,5.0000,0.1305,2.4802,5.0000,0.2471,0.9921,0.0000,0.811,944.4104
5.7600,17.4774,0.4896,0.1123,4.2897,0.2885,0.1559,17.5127,0.2684,0.2675,5.0000,0.1298,2.4825,5.0000,0.2458,0.9930,0.0000,0.859,1851.9420
5.7720,17.5639,0.4850,0.1086,4.3439,0.2338,0.1596,17.5127,0.2705,0.2487,5.0000,0.1306,2.4791,5.0000,0.2473,0.9916,0.0000,0.829,1274.4066
5.7840,17.5421,0.4586,0.1071,4.3247,0.1698,0.1567,17.5127,0.2401,0.2263,5.0000,0.1360,2.4816,5.0000,0.2575,0.9926,0.0000,0.827,1400.7989
5.7960,17.7651,0.4957,0.1195,4.2915,0.1999,0.1537,17.7664,0.2306,0.2239,5.0000,0.1346,2.4615,5.0000,0.2550,0.9846,0.0000,0.920,573.0474
5.8080,17.6242,0.5612,0.1254,4.3123,0.2282,0.1583,17.7664,0.3213,0.3132,5.0000,0.1294,2.4661,5.0000,0.2451,0.9865,0.0000,0.893,2486.3393
5.8200,17.7119,0.4565,0.1227,4.2574,0.1890,0.1652,17.7664,0.1947,0.1947,5.0000,0.1371,2.4702,5.0000,0.2597,0.9881,0.0000,0.848,2004.0722
5.8320,17.7584,0.5075,0.1250,4.3307,0.0347,0.1626,17.7664,0.2421,0.2367,5.0000,0.1415,2.4738,5.0000,0.2681,0.9895,0.0000,0.850,1550.6709
5.8440,17.8282,0.5022,0.1226,4.3488,0.2325,0.1518,17.7664,0.2492,0.2191,5.0000,0.1413,2.4693,5.0000,0.2677,0.9877,0.0000,0.828,1181.7084
5.8560,17.8082,0.4964,0.1219,4.3136,0.1787,0.1500,17.7664,0.2381,0.2169,5.0000,0.1444,2.4730,5.0000,0.2736,0.9892,0.0000,0.827,1327.9513
5.8680,17.9470,0.4502,0.1268,4.3208,0.1154,0.1496,18.0207,0.1480,0.1457,5.0000,0.1523,2.4592,5.0000,0.2885,0.9837,0.0000,0.845,731.8926
5.8800,17.9921,0.4932,0.1274,4.2776,0.2351,0.1433,18.0207,0.1814,0.1794,5.0000,0.1576,2.4641,5.0000,0.2985,0.9856,0.0000,0.878,1771.7740
5.8920,18.0389,0.5453,0.1296,4.2736,0.2349,0.1454,18.0207,0.2366,0.2218,5.0000,0.1586,2.4684,5.0000,0.3004,0.9873,0.0000,0.828,1496.3726
5.9040,18.0440,0.5484,0.1377,4.3674,0.1928,0.1497,18.0207,0.2404,0.2238,5.0000,0.1562,2.4652,5.0000,0.2958,0.9861,0.0000,0.831,1298.9127
5.9160,18.0496,0.5441,0.1377,4.2966,0.2269,0.1570,18.0207,0.2374,0.2186,5.0000,0.1550,2.4694,5.0000,0.2935,0.9877,0.0000,0.865,1394.4042
5.9280,18.2350,0.6170,0.1366,4.3676,0.2846,0.1676,18.2755,0.2559,0.2534,5.0000,0.1455,2.4398,5.0000,0.2756,0.9759,0.0000,0.841,619.3246
5.9400,18.1925,0.5186,0.1445,4.3463,0.2355,0.1711,18.2755,0.1673,0.1654,5.0000,0.1486,2.4470,5.0000,0.2815,0.9788,0.0000,0.927,1913.2367
5.9520,18.4001,0.6265,0.1475,4.2613,0.2411,0.1751,18.5310,0.2350,0.2290,5.0000,0.1451,2.4515,5.0000,0.2748,0.9806,0.0000,0.866,979.5644
5.9640,18.3844,0.6021,0.1339,4.3090,0.2298,0.1725,18.5310,0.2209,0.2084,5.0000,0.1512,2.4573,5.0000,0.2863,0.9829,0.0000,0.877,2376.1919
5.9760,18.4683,0.6519,0.1475,4.3120,0.2008,0.1762,18.5310,0.2402,0.2395,5.0000,0.1503,2.4624,5.0000,0.2846,0.9850,0.0000,0.851,1790.7094
5.9880,18.4132,0.5937,0.1473,4.2905,0.1788,0.1710,18.5310,0.1998,0.1942,5.0000,0.1555,2.4669,5.0000,0.2945,0.9868,0.0000,0.830,2219.4396
6.0000,18.4477,0.6831,0.1430,4.2985,0.3054,0.1700,18.5310,0.2744,0.2743,5.0000,0.1498,2.4709,5.0000,0.2837,0.9884,0.0000,0.851,1959.9239
6.0120,18.4379,0.6836,0.1521,4.2668,0.2074,0.1699,18.5310,0.2769,0.2768,5.0000,0.1461,2.4744,5.0000,0.2767,0.9898,0.0000,0.866,2093.9100
6.0240,18.6468,0.6707,0.1548,4.3472,0.2291,0.1714,18.7869,0.2268,0.2197,5.0000,0.1420,2.4606,5.0000,0.2690,0.9842,0.0000,0.847,870.0879
6.0360,18.5994,0.7152,0.1669,4.2746,0.2410,0.1719,18.7869,0.2888,0.2735,5.0000,0.1367,2.4653,5.0000,0.2588,0.9861,0.0000,0.878,2709.2986
6.0480,18.7508,0.8055,0.1534,4.3372,0.1938,0.1702,18.7869,0.3367,0.3283,5.0000,0.1284,2.4695,5.0000,0.2432,0.9878,0.0000,0.851,1585.8501
6.0600,18.8047,0.6577,0.1575,4.3101,0.2045,0.1750,18.7869,0.1967,0.1723,5.0000,0.1333,2.4731,5.0000,0.2525,0.9893,0.0000,0.846,1318.7071
6.0720,18.7552,0.7477,0.1531,4.3486,0.2539,0.1673,18.7869,0.2790,0.2710,5.0000,0.1285,2.4756,5.0000,0.2434,0.9902,0.0000,0.852,1505.2446
6.0840,18.8223,0.7210,0.1702,4.3077,0.1977,0.1671,18.7869,0.2624,0.2302,5.0000,0.1255,2.4775,5.0000,0.2378,0.9910,0.0000,0.831,1236.9583
6.0960,18.9529,0.6677,0.1645,4.2368,0.1967,0.1695,19.0435,0.1491,0.1485,5.0000,0.1307,2.4766,5.0000,0.2476,0.9907,0.0000,0.831,782.7545
6.1080,18.9196,0.7159,0.1780,4.3465,0.2081,0.1611,19.0435,0.2060,0.2031,5.0000,0.1294,2.4794,5.0000,0.2452,0.9918,0.0000,0.860,2004.2147
6.1200,19.0324,0.7520,0.1743,4.2800,0.1461,0.1578,19.0435,0.2281,0.2124,5.0000,0.1300,2.4819,5.0000,0.2462,0.9928,0.0000,0.829,1475.2119
6.1320,19.0637,0.8251,0.1749,4.3418,0.2734,0.1523,19.3005,0.3031,0.2764,5.0000,0.1204,2.4774,5.0000,0.2279,0.9910,0.0000,0.826,1250.5253
6.1440,19.0970,0.7282,0.1741,4.2638,0.2040,0.1523,19.3005,0.2088,0.1743,5.0000,0.1270,2.4801,5.0000,0.2405,0.9921,0.0000,0.896,2795.5799
6.1560,19.0399,0.7721,0.1703,4.2804,0.2164,0.1546,19.0435,0.2491,0.2303,5.0000,0.1298,2.4825,5.0000,0.2458,0.9930,0.0000,0.871,3147.5507
6.1680,19.1928,0.7896,0.1721,4.2430,0.1854,0.1460,19.3005,0.2115,0.2114,5.0000,0.1291,2.4807,5.0000,0.2444,0.9923,0.0000,0.889,807.1834
6.1800,19.2563,0.7647,0.1887,4.3267,0.2476,0.1475,19.3005,0.1788,0.1721,5.0000,0.1287,2.4831,5.0000,0.2437,0.9932,0.0000,0.851,1531.6161
6.1920,19.3317,0.8108,0.1832,4.3807,0.1539,0.1527,19.5581,0.2342,0.1990,5.0000,0.1264,2.4705,5.0000,0.2394,0.9882,0.0000,0.830,1067.1275
6.2040,19.3281,0.8408,0.1819,4.2835,0.2176,0.1590,19.5581,0.2583,0.2290,5.0000,0.1266,2.4741,5.0000,0.2398,0.9896,0.0000,0.876,2830.5692
6.2160,19.4102,0.7769,0.1739,4.3497,0.2167,0.1572,19.5581,0.1570,0.1469,5.0000,0.1345,2.4772,5.0000,0.2548,0.9909,0.0000,0.835,2102.6832
6.2280,19.5028,0.9440,0.1927,4.2540,0.2193,0.1435,19.5581,0.2960,0.2864,5.0000,0.1242,2.4799,5.0000,0.2352,0.9920,0.0000,0.867,1697.5633
6.2400,19.5105,0.8959,0.1877,4.2225,0.1330,0.1472,19.5581,0.2482,0.2379,5.0000,0.1232,2.4823,5.0000,0.2333,0.9929,0.0000,0.830,1700.5264
6.2520,19.5047,0.9147,0.1876,4.2900,0.2334,0.1494,19.5581,0.2667,0.2574,5.0000,0.1179,2.4845,5.0000,0.2232,0.9938,0.0000,0.846,1597.2582
6.2640,19.5514,0.9112,0.1888,4.1875,0.1708,0.1495,19.5581,0.2682,0.2426,5.0000,0.1165,2.4863,5.0000,0.2206,0.9945,0.0000,0.832,1549.8060
6.2760,19.5977,0.9828,0.1898,4.2682,0.2878,0.1500,19.8161,0.3107,0.3004,5.0000,0.1055,2.4880,5.0000,0.1998,0.9952,0.0000,0.848,1208.0022
6.2880,19.6687,0.9766,0.2031,4.3281,0.1502,0.1527,19.8161,0.2768,0.2766,5.0000,0.0999,2.4894,5.0000,0.1892,0.9958,0.0000,0.861,2013.0011
6.3000,19.7493,0.8676,0.2033,4.3736,0.2338,0.1478,19.8161,0.1556,0.1508,5.0000,0.1017,2.4884,5.0000,0.1926,0.9953,0.0000,0.830,1477.3918
6.3120,19.8820,1.0018,0.1963,4.2616,0.2291,0.1399,20.0746,0.2532,0.2469,5.0000,0.0965,2.4883,5.0000,0.1828,0.9953,0.0000,0.828,1011.8857
6.3240,19.9074,1.0454,0.2004,4.3898,0.0904,0.1356,20.0746,0.2832,0.2824,5.0000,0.0922,2.4897,5.0000,0.1746,0.9959,0.0000,0.876,1926.1850
6.3360,19.9977,0.9411,0.2126,4.2155,0.1921,0.1364,20.0746,0.1633,0.1584,5.0000,0.0964,2.4909,5.0000,0.1826,0.9964,0.0000,0.896,1823.0960
6.3480,19.9940,0.9636,0.2043,4.3754,0.1518,0.1295,20.0746,0.1859,0.1811,5.0000,0.0973,2.4895,5.0000,0.1843,0.9958,0.0000,0.848,1483.3512
6.3600,20.0338,1.0060,0.2003,4.2547,0.2305,0.1225,20.0746,0.2308,0.2119,5.0000,0.0971,2.4907,5.0000,0.1840,0.9963,0.0000,0.879,1497.7023
6.3720,20.0114,1.0461,0.2039,4.2594,0.1772,0.1229,20.0746,0.2686,0.2563,5.0000,0.0937,2.4918,5.0000,0.1775,0.9967,0.0000,0.829,1603.9152
6.3840,20.0212,0.9958,0.2088,4.1767,0.1359,0.1248,20.0746,0.2191,0.2052,5.0000,0.0962,2.4928,5.0000,0.1822,0.9971,0.0000,0.862,1741.9580
6.3960,20.1506,0.9844,0.2026,4.3313,0.2213,0.1258,20.3336,0.1710,0.1604,5.0000,0.0967,2.4795,5.0000,0.1832,0.9918,0.0000,0.847,838.0365
6.4080,20.2131,0.9804,0.2118,4.1907,0.2808,0.1174,20.3336,0.1401,0.1401,5.0000,0.1016,2.4819,5.0000,0.1924,0.9928,0.0000,0.861,2155.6493
6.4200,20.1178,1.1083,0.2054,4.3076,0.1155,0.1135,20.3336,0.2944,0.2886,5.0000,0.0966,2.4841,5.0000,0.1830,0.9936,0.0000,0.833,2383.1663
6.4320,20.3115,1.0140,0.2154,4.3239,0.1914,0.1159,20.3336,0.1796,0.1466,5.0000,0.0989,2.4847,5.0000,0.1873,0.9939,0.0000,0.851,1241.4104
6.4440,20.3165,1.1210,0.2116,4.3117,0.1804,0.1185,20.5929,0.2765,0.2485,5.0000,0.0924,2.4841,5.0000,0.1750,0.9937,0.0000,0.813,1221.7513
6.4560,20.4450,0.9589,0.2147,4.3537,0.1227,0.1180,20.5929,0.0708,0.0578,5.0000,0.1044,2.4860,5.0000,0.1977,0.9944,0.0000,0.861,1974.9216
6.4680,20.4608,1.1926,0.2139,4.3169,0.1802,0.1149,20.5929,0.2812,0.2787,5.0000,0.0938,2.4877,5.0000,0.1776,0.9951,0.0000,0.851,1760.5442
6.4800,20.4728,1.1084,0.2155,4.2854,0.0675,0.1208,20.5929,0.1961,0.1944,5.0000,0.0958,2.4892,5.0000,0.1815,0.9957,0.0000,0.833,1772.8444
6.4920,20.5144,1.0700,0.2220,4.2821,0.1150,0.1169,20.5929,0.1564,0.1462,5.0000,0.0997,2.4905,5.0000,0.1888,0.9962,0.0000,0.831,1574.0492
6.5040,20.5181,1.0705,0.2126,4.3396,0.1603,0.1144,20.5929,0.1573,0.1457,5.0000,0.1029,2.4916,5.0000,0.1949,0.9967,0.0000,0.861,1438.8568
6.5160,20.6012,1.1388,0.2192,4.3192,0.1143,0.1113,20.8526,0.2144,0.1891,5.0000,0.1007,2.4860,5.0000,0.1908,0.9944,0.0000,0.842,1042.6825
6.5280,20.7781,1.1850,0.2230,4.3154,0.1439,0.1177,20.8526,0.2024,0.1852,5.0000,0.0991,2.4877,5.0000,0.1877,0.9951,0.0000,0.860,1400.2644
6.5400,20.7329,1.1496,0.2257,4.1592,0.1511,0.1196,20.8526,0.1659,0.1634,5.0000,0.1021,2.4891,5.0000,0.1933,0.9957,0.0000,0.879,2059.0622
6.5520,20.7928,1.1883,0.2288,4.3247,0.1652,0.1133,20.8526,0.2082,0.1843,5.0000,0.0979,2.4904,5.0000,0.1855,0.9962,0.0000,0.960,1311.1190
6.5640,20.8127,1.1268,0.2293,4.2897,0.1431,0.1163,20.8526,0.1555,0.1198,5.0000,0.1006,2.4916,5.0000,0.1906,0.9966,0.0000,0.856,1314.6634
6.5760,20.9194,1.2698,0.2289,4.2951,0.2279,0.1178,21.1126,0.2285,0.2278,5.0000,0.0901,2.4804,5.0000,0.1707,0.9922,0.0000,0.850,816.3639
6.5880,20.9876,1.2656,0.2316,4.2338,0.1070,0.1236,21.1126,0.2099,0.2048,5.0000,0.0879,2.4828,5.0000,0.1664,0.9931,0.0000,0.861,1799.9943
6.6000,20.9997,1.1808,0.2358,4.2979,0.1702,0.1213,21.1126,0.1248,0.1200,5.0000,0.0907,2.4848,5.0000,0.1717,0.9939,0.0000,0.853,1644.7124
6.6120,21.0497,1.2243,0.2389,4.2404,0.2203,0.1144,21.1126,0.1755,0.1480,5.0000,0.0892,2.4866,5.0000,0.1689,0.9947,0.0000,0.840,1457.6424
6.6240,21.0547,1.2404,0.2374,4.2969,0.1052,0.1135,21.1126,0.1923,0.1620,5.0000,0.0879,2.4882,5.0000,0.1664,0.9953,0.0000,0.850,1305.3495
6.6360,21.0601,1.2775,0.2400,4.2737,0.1653,0.1178,21.1126,0.2295,0.1962,5.0000,0.0825,2.4897,5.0000,0.1562,0.9959,0.0000,0.846,1311.8188
6.6480,21.1478,1.3703,0.2306,4.3033,0.1551,0.1176,21.3729,0.2625,0.2607,5.0000,0.0725,2.4792,5.0000,0.1374,0.9917,0.0000,0.845,890.8784
6.6600,21.1470,1.3208,0.2394,4.2792,0.2396,0.1163,21.3729,0.2182,0.2135,5.0000,0.0682,2.4817,5.0000,0.1292,0.9927,0.0000,0.862,2296.3203
6.6720,21.3447,1.2939,0.2470,4.3070,0.1236,0.1119,21.6335,0.1806,0.1323,5.0000,0.0685,2.4815,5.0000,0.1297,0.9926,0.0000,0.849,1112.3336
6.6840,21.2984,1.3566,0.2439,4.2932,0.2298,0.1064,21.3729,0.2332,0.2054,5.0000,0.0644,2.4837,5.0000,0.1220,0.9935,0.0000,0.887,3028.2895
6.6960,21.3515,1.3811,0.2435,4.3047,0.1654,0.1038,21.6335,0.2328,0.2139,5.0000,0.0581,2.4815,5.0000,0.1101,0.9926,0.0000,0.869,1066.2854
6.7080,21.5396,1.3348,0.2487,4.2109,0.1243,0.1084,21.6335,0.1388,0.1164,5.0000,0.0619,2.4837,5.0000,0.1173,0.9935,0.0000,0.846,1608.2126
6.7200,21.4654,1.3441,0.2416,4.3680,0.0692,0.1015,21.6335,0.1464,0.1462,5.0000,0.0636,2.4857,5.0000,0.1205,0.9943,0.0000,0.900,1666.9633
6.7320,21.5913,1.4221,0.2499,4.3542,0.1552,0.0895,21.8942,0.2159,0.1855,5.0000,0.0574,2.4759,5.0000,0.1087,0.9904,0.0000,0.863,1039.9367
6.7440,21.6432,1.4647,0.2481,4.2995,0.0490,0.0882,21.8942,0.2170,0.2115,5.0000,0.0547,2.4788,5.0000,0.1035,0.9915,0.0000,0.896,2254.1340
6.7560,21.6045,1.4515,0.2515,4.3314,0.0287,0.0944,21.8942,0.2282,0.2099,5.0000,0.0528,2.4814,5.0000,0.0999,0.9925,0.0000,0.832,2440.4385
6.7680,21.7119,1.4163,0.2547,4.2849,0.1258,0.0887,21.8942,0.1456,0.1456,5.0000,0.0537,2.4836,5.0000,0.1018,0.9934,0.0000,0.834,1879.1125
6.7800,21.6759,1.4547,0.2523,4.3144,0.0893,0.0769,21.8942,0.1937,0.1926,5.0000,0.0513,2.4856,5.0000,0.0972,0.9942,0.0000,0.835,1998.7129
6.7920,21.7839,1.5184,0.2480,4.3056,0.0988,0.0810,21.8942,0.2450,0.2229,5.0000,0.0461,2.4873,5.0000,0.0874,0.9949,0.0000,0.847,1376.8211
6.8040,21.8574,1.4216,0.2533,4.3387,0.1019,0.0820,22.1550,0.1595,0.1092,5.0000,0.0483,2.4793,5.0000,0.0915,0.9917,0.0000,0.865,1020.7436
6.8160,21.8556,1.4683,0.2508,4.3081,0.1795,0.0860,22.1550,0.1866,0.1545,5.0000,0.0482,2.4818,5.0000,0.0912,0.9927,0.0000,0.880,2582.4374
6.8280,21.9011,1.5367,0.2556,4.3999,0.1286,0.0730,22.1550,0.2111,0.2070,5.0000,0.0423,2.4840,5.0000,0.0802,0.9936,0.0000,0.848,1957.7685
6.8400,21.9051,1.5333,0.2637,4.2857,0.1166,0.0726,22.1550,0.2062,0.2026,5.0000,0.0377,2.4859,5.0000,0.0714,0.9944,0.0000,0.865,2215.0992
6.8520,22.0732,1.5086,0.2588,4.3376,0.1367,0.0737,22.1550,0.1745,0.1308,5.0000,0.0372,2.4829,5.0000,0.0705,0.9931,0.0000,0.849,1170.3138
6.8640,22.0589,1.4461,0.2562,4.3368,0.0882,0.0712,22.1550,0.1126,0.0750,5.0000,0.0427,2.4823,5.0000,0.0809,0.9929,0.0000,0.815,1295.1802
6.8760,22.1580,1.5306,0.2654,4.2666,0.1570,0.0678,22.4160,0.1400,0.1275,5.0000,0.0397,2.4805,5.0000,0.0752,0.9922,0.0000,0.830,889.4141
6.8880,22.1364,1.6193,0.2649,4.2220,0.0867,0.0586,22.4160,0.2250,0.2187,5.0000,0.0342,2.4828,5.0000,0.0647,0.9931,0.0000,0.862,2530.6527
6.9000,22.1941,1.5800,0.2618,4.2662,0.1547,0.0603,22.4160,0.1648,0.1645,5.0000,0.0330,2.4849,5.0000,0.0626,0.9939,0.0000,0.849,2031.3175
6.9120,22.3499,1.6265,0.2610,4.3649,0.0575,0.0666,22.6770,0.1963,0.1643,5.0000,0.0294,2.4729,5.0000,0.0556,0.9892,0.0000,0.869,993.3118
6.9240,22.3270,1.7246,0.2587,4.2762,0.0682,0.0657,22.6770,0.2835,0.2648,5.0000,0.0215,2.4761,5.0000,0.0406,0.9905,0.0000,0.883,2809.7339
6.9360,22.4041,1.6176,0.2602,4.3339,0.1114,0.0630,22.6770,0.1517,0.1402,5.0000,0.0234,2.4790,5.0000,0.0444,0.9916,0.0000,0.833,2154.7366
6.9480,22.2723,1.7029,0.2592,4.2802,0.1794,0.0553,22.4160,0.2787,0.2598,5.0000,0.0159,2.4815,5.0000,0.0301,0.9926,0.0000,0.870,3251.5614
6.9600,22.4777,1.6903,0.2696,4.3575,0.0389,0.0506,22.6770,0.1916,0.1887,5.0000,0.0094,2.4536,5.0000,0.0178,0.9814,0.0000,0.871,556.2000
6.9720,22.5370,1.7044,0.2713,4.3177,0.0535,0.0482,22.6770,0.2077,0.1852,5.0000,0.0044,2.4592,5.0000,0.0083,0.9837,0.0000,0.868,1356.7935
6.9840,22.5498,1.6757,0.2591,4.3509,0.1219,0.0501,22.6770,0.1826,0.1540,5.0000,0.0037,2.4582,5.0000,0.0070,0.9833,0.0000,0.838,1250.3757
6.9960,22.6466,1.7865,0.2582,4.3109,0.0668,0.0431,22.9380,0.2355,0.2323,5.0000,-0.0031,2.4501,5.0000,-0.0059,0.9800,0.0000,0.830,871.8863
7.0080,22.6168,1.7125,0.2632,4.3240,0.0518,0.0384,22.9380,0.1914,0.1700,5.0000,-0.0021,2.4561,5.0000,-0.0040,0.9824,0.0000,0.885,2438.2347
7.0200,22.7628,1.7639,0.2674,4.3107,0.0887,0.0325,22.9380,0.1894,0.1773,5.0000,-0.0047,2.4613,5.0000,-0.0088,0.9845,0.0000,0.837,1504.2184
7.0320,22.7657,1.7303,0.2638,4.3646,0.1014,0.0268,22.9380,0.1561,0.1443,5.0000,-0.0046,2.4622,5.0000,-0.0087,0.9849,0.0000,0.832,1406.2078
7.0440,22.7772,1.8448,0.2628,4.2178,0.0111,0.0221,22.9380,0.2712,0.2507,5.0000,-0.0099,2.4667,5.0000,-0.0188,0.9867,0.0000,0.847,1594.3760
7.0560,22.8778,1.8484,0.2679,4.3895,0.0110,0.0188,23.1989,0.2332,0.2253,5.0000,-0.0173,2.4466,5.0000,-0.0328,0.9786,0.0000,0.846,854.9474
7.0680,22.9767,1.7810,0.2781,4.3240,0.0657,0.0176,23.1989,0.1333,0.1324,5.0000,-0.0178,2.4530,5.0000,-0.0337,0.9812,0.0000,0.896,1722.3914
7.0800,22.9858,1.8898,0.2701,4.3185,-0.0174,0.0173,23.1989,0.2404,0.2340,5.0000,-0.0237,2.4586,5.0000,-0.0449,0.9835,0.0000,0.851,1615.3822
7.0920,23.0332,1.8656,0.2553,4.2900,0.0563,0.0097,23.1989,0.2183,0.1973,5.0000,-0.0238,2.4636,5.0000,-0.0452,0.9854,0.0000,0.853,1430.0272
7.1040,22.9968,1.8329,0.2700,4.3000,-0.0320,0.0060,23.1989,0.1831,0.1763,5.0000,-0.0232,2.4680,5.0000,-0.0439,0.9872,0.0000,0.868,1612.4930
7.1160,23.1439,1.8125,0.2726,4.3268,-0.0082,0.0006,23.4598,0.1380,0.1148,5.0000,-0.0211,2.4585,5.0000,-0.0400,0.9834,0.0000,0.848,881.0330
7.1280,23.1692,1.8380,0.2694,4.2406,0.0848,-0.0042,23.4598,0.1395,0.1320,5.0000,-0.0189,2.4635,5.0000,-0.0359,0.9854,0.0000,0.916,2341.1758
7.1400,23.2622,1.8717,0.2602,4.3294,0.0028,-0.0034,23.4598,0.1480,0.1379,5.0000,-0.0161,2.4679,5.0000,-0.0306,0.9872,0.0000,0.851,1502.1385
7.1520,23.2269,1.9059,0.2721,4.2954,-0.0022,-0.0074,23.4598,0.1831,0.1807,5.0000,-0.0184,2.4717,5.0000,-0.0348,0.9887,0.0000,0.868,1744.8463
7.1640,23.2932,1.9690,0.2695,4.3362,0.0196,-0.0072,23.4598,0.2485,0.2223,5.0000,-0.0251,2.4711,5.0000,-0.0475,0.9885,0.0000,0.847,1300.3776
7.1760,23.3574,1.9194,0.2705,4.3479,-0.0124,-0.0051,23.7205,0.1871,0.1566,5.0000,-0.0265,2.4614,5.0000,-0.0501,0.9846,0.0000,0.832,989.4140
7.1880,23.4910,2.0104,0.2652,4.3411,-0.0048,-0.0087,23.7205,0.2123,0.2061,5.0000,-0.0310,2.4660,5.0000,-0.0587,0.9864,0.0000,0.847,1559.4568
7.2000,23.4419,1.9962,0.2684,4.3067,0.0447,-0.0082,23.7205,0.2063,0.2063,5.0000,-0.0348,2.4701,5.0000,-0.0660,0.9880,0.0000,0.864,1936.8465
7.2120,23.5166,1.9379,0.2645,4.2514,-0.0316,-0.0131,23.7205,0.1407,0.1293,5.0000,-0.0302,2.4737,5.0000,-0.0571,0.9895,0.0000,0.832,1652.7248
7.2240,23.6538,2.0896,0.2683,4.2586,0.0103,-0.0167,23.9810,0.2383,0.2362,5.0000,-0.0387,2.4723,5.0000,-0.0733,0.9889,0.0000,0.884,929.9830
7.2360,23.6485,2.0505,0.2646,4.3578,0.0911,-0.0190,23.9810,0.2057,0.2002,5.0000,-0.0429,2.4756,5.0000,-0.0813,0.9902,0.0000,0.866,2115.2242
7.2480,23.6714,2.0630,0.2740,4.2573,0.0655,-0.0160,23.9810,0.2070,0.2058,5.0000,-0.0474,2.4785,5.0000,-0.0898,0.9914,0.0000,0.850,2209.1622
7.2600,23.6055,2.0066,0.2667,4.3211,0.0407,-0.0184,23.9810,0.1978,0.1701,5.0000,-0.0468,2.4811,5.0000,-0.0886,0.9924,0.0000,0.849,2533.5837
7.2720,23.7117,1.9863,0.2700,4.4248,-0.0972,-0.0270,23.9810,0.1210,0.1210,5.0000,-0.0435,2.4768,5.0000,-0.0824,0.9907,0.0000,0.852,1619.6837
7.2840,23.9099,2.0295,0.2571,4.3801,-0.0715,-0.0324,24.2413,0.1242,0.1071,5.0000,-0.0397,2.4547,5.0000,-0.0752,0.9819,0.0000,0.850,771.1106
7.2960,23.7740,2.0816,0.2687,4.2968,0.0732,-0.0342,23.9810,0.2114,0.1949,5.0000,-0.0441,2.4601,5.0000,-0.0836,0.9840,0.0000,0.899,3284.9783
7.3080,23.8542,2.0890,0.2664,4.2877,-0.0133,-0.0315,24.2413,0.2056,0.1796,5.0000,-0.0462,2.4630,5.0000,-0.0875,0.9852,0.0000,0.886,1099.8366
7.3200,23.9994,2.1232,0.2631,4.2751,-0.0777,-0.0295,24.2413,0.1792,0.1723,5.0000,-0.0465,2.4675,5.0000,-0.0880,0.9870,0.0000,0.905,1672.0744
7.3320,24.0686,2.0879,0.2604,4.2665,-0.0501,-0.0326,24.2413,0.1594,0.1193,5.0000,-0.0427,2.4714,5.0000,-0.0808,0.9885,0.0000,0.846,1346.6989
7.3440,23.9504,2.2157,0.2602,4.2600,-0.0943,-0.0380,24.2413,0.2762,0.2748,5.0000,-0.0500,2.4748,5.0000,-0.0947,0.9899,0.0000,0.851,1979.0801
7.3560,24.0601,2.0765,0.2664,4.3672,0.0005,-0.0392,24.2413,0.1455,0.1107,5.0000,-0.0480,2.4685,5.0000,-0.0908,0.9874,0.0000,0.866,1211.7628
7.3680,24.1765,2.1418,0.2539,4.3627,-0.0197,-0.0356,24.5013,0.1461,0.1416,5.0000,-0.0486,2.4472,5.0000,-0.0920,0.9789,0.0000,0.916,712.4096
7.3800,24.2075,2.2341,0.2616,4.3478,-0.0701,-0.0387,24.5013,0.2227,0.2219,5.0000,-0.0550,2.4536,5.0000,-0.1042,0.9814,0.0000,0.879,1756.1997
7.3920,24.3026,2.1997,0.2612,4.2696,0.0380,-0.0387,24.5013,0.1916,0.1629,5.0000,-0.0572,2.4591,5.0000,-0.1082,0.9836,0.0000,0.848,1404.7464
7.4040,24.3569,2.2565,0.2623,4.4046,-0.1472,-0.0417,24.7610,0.2227,0.2028,5.0000,-0.0626,2.4399,5.0000,-0.1185,0.9760,0.0000,0.846,926.1099
7.4160,24.3725,2.2654,0.2692,4.3190,0.0115,-0.0414,24.7610,0.2203,0.2073,5.0000,-0.0696,2.4471,5.0000,-0.1319,0.9788,0.0000,0.877,2422.8188
7.4280,24.4191,2.2104,0.2528,4.3511,-0.0111,-0.0457,24.7610,0.1486,0.1418,5.0000,-0.0676,2.4535,5.0000,-0.1280,0.9814,0.0000,0.831,2040.7089
7.4400,24.5072,2.2174,0.2612,4.4134,-0.0763,-0.0502,24.7610,0.1318,0.1248,5.0000,-0.0671,2.4486,5.0000,-0.1270,0.9794,0.0000,0.851,1398.8958
7.4520,24.5775,2.3295,0.2649,4.3618,-0.0458,-0.0558,25.0204,0.2456,0.2140,5.0000,-0.0755,2.4427,5.0000,-0.1431,0.9771,0.0000,0.834,1132.1378
7.4640,24.5189,2.2143,0.2599,4.2409,-0.0622,-0.0541,24.7610,0.1299,0.1187,5.0000,-0.0712,2.4496,5.0000,-0.1348,0.9798,0.0000,0.931,3637.4985
7.4760,24.5628,2.2824,0.2604,4.3230,-0.0560,-0.0538,24.7610,0.2065,0.1726,5.0000,-0.0743,2.4533,5.0000,-0.1407,0.9813,0.0000,0.871,1254.9780
7.4880,24.6450,2.3036,0.2507,4.3304,-0.0853,-0.0653,25.0204,0.1821,0.1712,5.0000,-0.0756,2.4438,5.0000,-0.1431,0.9775,0.0000,0.839,874.2101
7.5000,24.6867,2.3045,0.2502,4.3319,-0.1540,-0.0640,25.0204,0.1625,0.1611,5.0000,-0.0742,2.4506,5.0000,-0.1405,0.9802,0.0000,0.894,1955.7914
7.5120,24.8438,2.2337,0.2367,4.2928,-0.1194,-0.0683,25.0204,0.1226,0.0515,5.0000,-0.0628,2.4562,5.0000,-0.1189,0.9825,0.0000,0.849,1271.9137
7.5240,24.9002,2.3608,0.2530,4.3412,-0.0628,-0.0690,25.2793,0.1708,0.1596,5.0000,-0.0685,2.4441,5.0000,-0.1297,0.9776,0.0000,0.852,845.3951
7.5360,24.9306,2.3282,0.2608,4.3365,-0.0745,-0.0762,25.2793,0.1267,0.1203,5.0000,-0.0699,2.4508,5.0000,-0.1323,0.9803,0.0000,0.880,2021.8746
7.5480,24.9274,2.4871,0.2547,4.2896,-0.1205,-0.0715,25.2793,0.2746,0.2746,5.0000,-0.0808,2.4567,5.0000,-0.1531,0.9827,0.0000,0.850,2100.1501
7.5600,25.0505,2.3570,0.2438,4.3055,-0.0919,-0.0629,25.2793,0.1439,0.1172,5.0000,-0.0773,2.4619,5.0000,-0.1465,0.9848,0.0000,0.833,1376.5392
7.5720,25.0356,2.3608,0.2597,4.3634,-0.0806,-0.0691,25.2793,0.1431,0.1248,5.0000,-0.0796,2.4607,5.0000,-0.1507,0.9843,0.0000,0.817,1340.4697
7.5840,25.0462,2.4089,0.2531,4.2882,-0.1356,-0.0750,25.2793,0.1923,0.1684,5.0000,-0.0823,2.4654,5.0000,-0.1559,0.9862,0.0000,0.865,1400.9216
7.5960,25.1932,2.4128,0.2585,4.3854,0.0262,-0.0748,25.5378,0.1371,0.1350,5.0000,-0.0889,2.4393,5.0000,-0.1684,0.9757,0.0000,0.845,659.6036
7.6080,25.1867,2.3264,0.2517,4.3786,-0.1349,-0.0729,25.5378,0.0740,0.0530,5.0000,-0.0840,2.4465,5.0000,-0.1591,0.9786,0.0000,0.929,1965.9441
7.6200,25.1972,2.4050,0.2525,4.3331,-0.0828,-0.0823,25.5378,0.1284,0.1265,5.0000,-0.0854,2.4530,5.0000,-0.1618,0.9812,0.0000,0.873,1911.2213
7.6320,25.2772,2.4338,0.2451,4.3513,-0.0513,-0.0840,25.5378,0.1482,0.1342,5.0000,-0.0872,2.4566,5.0000,-0.1651,0.9826,0.0000,0.852,1409.3767
7.6440,25.3524,2.4353,0.2459,4.4329,-0.1402,-0.0820,25.7959,0.1695,0.1168,5.0000,-0.0886,2.4356,5.0000,-0.1678,0.9742,0.0000,0.847,945.3938
7.6560,25.4283,2.4462,0.2487,4.2807,-0.1647,-0.0797,25.7959,0.1184,0.1089,5.0000,-0.0881,2.4433,5.0000,-0.1670,0.9773,0.0000,0.879,2197.1173
7.6680,25.4515,2.4987,0.2410,4.3894,-0.0471,-0.0872,25.7959,0.1545,0.1541,5.0000,-0.0926,2.4501,5.0000,-0.1754,0.9800,0.0000,0.835,1754.2315
7.6800,25.5379,2.4849,0.2454,4.4409,-0.0909,-0.0896,25.7959,0.1382,0.1196,5.0000,-0.0958,2.4378,5.0000,-0.1814,0.9751,0.0000,0.831,1219.9984
7.6920,25.5856,2.3788,0.2417,4.4282,-0.1464,-0.0890,25.7959,0.0897,0.0050,5.0000,-0.0889,2.4231,5.0000,-0.1685,0.9692,0.0000,0.812,1124.0660
7.7040,25.5894,2.4525,0.2373,4.2943,-0.1392,-0.0942,25.7959,0.1345,0.0756,5.0000,-0.0859,2.4321,5.0000,-0.1627,0.9728,0.0000,0.832,1240.2993
7.7160,25.6109,2.5286,0.2379,4.3497,-0.1321,-0.0998,26.0535,0.1803,0.1443,5.0000,-0.0896,2.4276,5.0000,-0.1697,0.9710,0.0000,0.829,1015.6910
7.7280,25.7474,2.5849,0.2445,4.3011,-0.0423,-0.0879,26.0535,0.1709,0.1666,5.0000,-0.0978,2.4363,5.0000,-0.1853,0.9745,0.0000,0.878,1683.0473
7.7400,25.7798,2.5120,0.2476,4.3060,-0.0493,-0.0814,26.0535,0.1024,0.0882,5.0000,-0.0999,2.4439,5.0000,-0.1891,0.9776,0.0000,0.847,1509.3308
7.7520,25.8904,2.5572,0.2345,4.4091,-0.0617,-0.0873,26.3105,0.1377,0.1063,5.0000,-0.1040,2.4247,5.0000,-0.1970,0.9699,0.0000,0.865,835.3586
7.7640,25.8080,2.6082,0.2387,4.3284,-0.2213,-0.0903,26.0535,0.2026,0.1749,5.0000,-0.1090,2.4338,5.0000,-0.2064,0.9735,0.0000,0.895,2928.0586
7.7760,25.8880,2.5443,0.2293,4.3776,-0.1531,-0.0979,26.3105,0.1323,0.0942,5.0000,-0.1078,2.4223,5.0000,-0.2042,0.9689,0.0000,0.867,890.3229
7.7880,25.9485,2.5671,0.2369,4.3095,-0.1487,-0.1025,26.3105,0.1065,0.1026,5.0000,-0.1087,2.4316,5.0000,-0.2059,0.9726,0.0000,0.867,1992.5382
7.8000,26.0011,2.4954,0.2350,4.2607,-0.1194,-0.1051,26.3105,0.0217,0.0208,5.0000,-0.1024,2.4398,5.0000,-0.1939,0.9759,0.0000,0.832,1859.6432
7.8120,26.0407,2.6295,0.2238,4.3448,-0.1302,-0.1107,26.3105,0.1610,0.1423,5.0000,-0.1062,2.4452,5.0000,-0.2012,0.9781,0.0000,0.851,1355.4912
7.8240,26.0338,2.6200,0.2294,4.3517,-0.0830,-0.1091,26.3105,0.1501,0.1347,5.0000,-0.1102,2.4497,5.0000,-0.2087,0.9799,0.0000,0.814,1386.6137
7.8360,26.2488,2.5833,0.2247,4.3314,-0.2140,-0.1068,26.5670,0.0521,0.0511,5.0000,-0.1073,2.4285,5.0000,-0.2032,0.9714,0.0000,0.845,563.4394
7.8480,26.2240,2.5172,0.2210,4.3140,-0.1542,-0.1092,26.5670,0.0295,-0.0080,5.0000,-0.0993,2.4371,5.0000,-0.1880,0.9748,0.0000,0.894,1962.5247
7.8600,26.2717,2.5765,0.2239,4.3110,-0.2058,-0.1147,26.5670,0.0502,0.0394,5.0000,-0.0959,2.4446,5.0000,-0.1817,0.9778,0.0000,0.837,1593.5653
7.8720,26.2450,2.6398,0.2257,4.2926,-0.1352,-0.1192,26.5670,0.1086,0.1070,5.0000,-0.0986,2.4513,5.0000,-0.1868,0.9805,0.0000,0.831,1731.2971
7.8840,26.3713,2.5772,0.2239,4.3839,-0.1535,-0.1164,26.8230,0.1290,0.0182,5.0000,-0.0965,2.4393,5.0000,-0.1827,0.9757,0.0000,0.849,1003.1528
7.8960,26.4537,2.6594,0.2196,4.4500,-0.2602,-0.1088,26.8230,0.0866,0.0812,5.0000,-0.0993,2.4372,5.0000,-0.1882,0.9749,0.0000,0.833,1662.7318
7.9080,26.4510,2.6360,0.2228,4.3311,-0.1536,-0.1103,26.8230,0.0698,0.0589,5.0000,-0.1000,2.4447,5.0000,-0.1893,0.9779,0.0000,0.861,1954.0752
7.9200,26.4892,2.8239,0.2230,4.3370,-0.0917,-0.1120,26.8230,0.2379,0.2346,5.0000,-0.1120,2.4514,5.0000,-0.2121,0.9805,0.0000,0.916,1713.7429
7.9320,26.5009,2.6512,0.2283,4.3701,-0.2021,-0.1078,26.8230,0.0649,0.0633,5.0000,-0.1115,2.4563,5.0000,-0.2112,0.9825,0.0000,0.851,1547.4737
7.9440,26.6635,2.6043,0.2275,4.2758,-0.1459,-0.0997,27.0784,0.0931,-0.0163,5.0000,-0.1086,2.4579,5.0000,-0.2057,0.9832,0.0000,0.832,993.0908
7.9560,26.6799,2.6529,0.2096,4.3227,-0.1488,-0.1072,27.0784,0.0716,0.0280,5.0000,-0.1071,2.4630,5.0000,-0.2027,0.9852,0.0000,0.863,2148.3815
7.9680,26.6336,2.7051,0.2107,4.3964,-0.1954,-0.1225,27.0784,0.1341,0.0885,5.0000,-0.1091,2.4674,5.0000,-0.2066,0.9870,0.0000,0.843,2220.0748
7.9800,26.7322,2.8008,0.2090,4.2432,-0.1643,-0.1158,27.0784,0.1632,0.1625,5.0000,-0.1162,2.4713,5.0000,-0.2201,0.9885,0.0000,0.853,1921.3556
7.9920,26.7969,2.7618,0.2091,4.3853,-0.1295,-0.1044,27.0784,0.1319,0.1115,5.0000,-0.1220,2.4670,5.0000,-0.2311,0.9868,0.0000,0.865,1286.1963
