slip_front_mean,slip_front_std,slip_front_max,slip_rear_mean,slip_rear_std,slip_rear_max,ax_std,ay_std,yaw_accel_std,az_std,sideslip_ratio_mean,yaw_rate_mean,speed_mean,speed_std,steer_mean,steer_std,terrain_label
18.161573118877513,105.22477515676466,918.961953537,6.592526329303576,25.67495893387963,189.7352919568757,5.94618967477527,5.145953170859748,0.6451828382445529,0.3358821643860692,0.055260781787065456,0.01518305520879044,1.010338469281775,0.8293924392257132,0.0,0.0,sand
0.9962862710347347,0.37096516781748695,2.2239192554809657,0.21946536580605686,0.2739135683752484,1.6659995065825832,6.06908755521653,5.03461651823575,0.5985345874394993,0.3393841283772519,0.043263691181232466,0.019520730621860657,1.6863789841463133,0.8557346955046444,0.0,0.0,sand
0.7774866716599572,0.4006656446598209,1.5046757708773755,0.13433957496991356,0.030477680437120635,0.23296242121367555,5.643493412787792,5.181111789210713,0.5978080115542698,0.3527894761719945,0.0270607433625602,0.026594779930728334,2.3759369558505905,0.7156034765391222,0.0,0.0,sand
0.4935081951793383,0.3306598464789429,1.1949147379049228,0.11068082414838638,0.027634861878158216,0.16649607349912465,5.665752799589779,5.339373653682925,0.639587159370148,0.5825132092443142,0.017101925151476717,0.028941380125043024,2.93484684832721,0.6101147325777242,0.0,0.0,sand
0.27228507481496284,0.18182870845837987,0.7144642837367725,0.08483659890069453,0.03499121825822715,0.1541465324131519,5.520177820275169,6.042832752020456,0.6503823172803302,0.8388345416352344,0.014864043789043173,0.026243594239272836,3.3891547651042386,0.4659277966075344,0.0,0.0,sand
0.15419708520385741,0.08684901242230163,0.3598560278599978,0.06374060567080993,0.03598257645923692,0.1541465324131519,6.074736508239902,6.397184923044311,0.6938886931605486,0.8724706746685712,0.013689387727114961,0.024505931683824714,3.7275924614776272,0.3286517290641335,0.0,0.0,sand
0.09393936754881735,0.04556607352043916,0.2199735823965373,0.042978313621520534,0.02124708800160624,0.09576762886454052,6.0841783148719655,6.731788834945361,0.8203152098898772,0.918839923180247,0.012172267513685603,0.01751088606202618,3.966462766891672,0.22697273745024799,0.0,0.0,sand
0.06417187978365638,0.030512240630473857,0.13232490743101982,0.03103244969001362,0.006371246045294187,0.04954938777990471,6.330285389887966,6.505908433522527,0.7580130038008264,0.7233183228416228,0.011781949719968878,0.01067896044728019,4.129131896628796,0.16211641492154336,0.0,0.0,sand
0.04607570003509535,0.019956299756757473,0.09710127368895477,0.028410828893708946,0.0054545747178587085,0.04954938777990471,6.736890011605447,6.195978785798658,0.746186675236313,0.5509168433323908,0.010374361449858984,0.011056469788986922,4.2373205106587895,0.11732631564560814,0.0,0.0,sand
0.034661246990322116,0.009594451960283171,0.07906416286147094,0.02766403080880588,0.00528799770373616,0.04954938777990471,6.377957977819275,5.818847665637869,0.8076661150382584,0.5075617001609923,0.009239547616901655,0.010194136201345613,4.304004879366322,0.07498549548614752,0.0,0.0,sand
0.029723200155492093,0.004596233996632038,0.04032567606047794,0.027009163225174063,0.00432172439273936,0.03912474385863711,7.096100589836025,5.929763958203375,0.785146783279898,0.43908490629521,0.00989398780023065,0.012212167351704025,4.342290508694842,0.05970623497142991,0.0,0.0,sand
0.028899266945819055,0.00561868471391386,0.041944189253001495,0.02711961913133047,0.0043541369667940925,0.03912474385863711,6.91984613080962,5.612629114574295,0.8044003124472044,0.4448548053736294,0.009936941171260493,0.014790102183635159,4.358670351603822,0.05538663692029268,0.0,0.0,sand
0.02832371368944668,0.006464172383935965,0.041944189253001495,0.02744478393017815,0.00427050261742202,0.03912474385863711,6.632573623505667,5.589831720462986,0.8745893180692966,0.37199541278763004,0.01024673594938759,0.015578435441825068,4.371652871030156,0.05312096441775873,0.0,0.0,sand
0.02746301083841085,0.00704725892526811,0.042717249586848666,0.027603956977000816,0.004473433136495369,0.03912474385863711,6.218927851258211,5.603215796446735,0.876608278803945,0.41212076799993774,0.011329946642341928,0.01613087882307545,4.378734690576133,0.04654534661737196,0.0,0.0,sand
0.029304626574527117,0.008354773863206079,0.04844296238314807,0.02799233784306677,0.004291386306975012,0.039004187256980974,5.250364440495932,5.605665494866136,0.837954549837813,0.3862605750348347,0.011759289534925397,0.013597529399264875,4.382807870803969,0.046616478993951625,0.0,0.0,sand
0.02689939666620152,0.008914792273321369,0.04844296238314807,0.02742516215893623,0.004128356656770799,0.036253565948690114,5.661216157784993,5.727822982826277,0.8201658534961991,0.37226136047406333,0.012197825944007439,0.01248983853752982,4.389561527007295,0.050400446274828564,0.0,0.0,sand
0.026371613646515905,0.008268657419412958,0.04844296238314807,0.02666788099845471,0.004381302515973054,0.036253565948690114,6.178895789685675,5.846777825203913,0.704831547636649,0.34359640567413835,0.012848987427064815,0.010702023403585356,4.385189061187537,0.05405793112317648,0.0,0.0,sand
0.02596342084053888,0.007817213566303,0.04844296238314807,0.027047808838965414,0.004309086076850608,0.04003969857187541,6.340061849815594,6.357208358573513,0.6400685051468228,0.2715609481226196,0.013301248594071497,0.00833158036920413,4.389808920893576,0.05411645858599799,0.0,0.0,sand
0.025399792947869364,0.011996122117733567,0.12401195491328658,0.02604938260422113,0.004634794227364553,0.04003969857187541,6.536567127301202,6.334512606348979,0.7258895700252013,0.3580831350283078,0.012673956956234609,0.012067532254659664,4.386660330334294,0.053164349654146736,0.0,0.0,sand
0.025861429777768192,0.01307459478924686,0.12401195491328658,0.026180899948005924,0.004679099398539673,0.04003969857187541,6.323885271711077,6.600497437993602,0.79633981392585,0.3997293606724743,0.012878536376315123,0.018917951281541192,4.39183165183329,0.05305633524982067,0.0,0.0,sand
0.026533062196775304,0.01361807762721144,0.12401195491328658,0.027497993045796417,0.007496932330559261,0.07207662741172315,5.968584933300145,6.230495680751682,0.8464239382713541,0.39616564384874914,0.011600538134277496,0.027746734861096013,4.3959358784948135,0.0514345357555409,0.0,0.0,sand
0.028888332576751757,0.01862177266950177,0.12401195491328658,0.027590817175403022,0.008855970734990752,0.07207662741172315,6.184507462545337,5.797289289742505,1.1010010364458152,0.3647037324001927,0.010672355402359477,0.03463058078390081,4.396840630922125,0.05354971339178018,0.0,0.0,sand
0.028705051203708427,0.016403276493516875,0.1119065029003605,0.028026730474762555,0.008744106718787526,0.07207662741172315,5.881167282565306,5.524323130644681,1.1382853572442615,0.2760862062843915,0.010742734248849101,0.03377663553230653,4.398298507739266,0.051501606397603455,0.0,0.0,sand
0.0316793616412849,0.01737907597079952,0.1119065029003605,0.027737679757856255,0.009058195945977312,0.07207662741172315,5.795249955492564,5.0346717063698065,1.231928129023025,0.28734234684523213,0.009569542042858682,0.02802761830231073,4.388966183605119,0.05229439934239795,0.0,0.0,sand
0.031914915702713285,0.017011498919818294,0.1119065029003605,0.02663925170115374,0.006988642367426973,0.05839667529445932,5.9814015572926476,5.04649514100933,1.2252565407859266,0.31217155114610434,0.00921937080508449,0.01772339650255253,4.382645396728206,0.05113862416786175,0.0,0.0,sand
0.030033919769241784,0.011813020245106104,0.1017527341192184,0.02512889633157576,0.0049096491584527955,0.036755245733552995,5.815101235722266,4.769177667415315,0.9729610019455127,0.3026376861122086,0.008243587125975798,0.010752442646066432,4.3854948342834295,0.051382787374176744,0.0,0.0,sand
0.028757146654767727,0.010665331967534284,0.1017527341192184,0.024498140999435983,0.004730072067805454,0.036755245733552995,5.596680855911003,4.067776873470943,0.9430173276429945,0.31806846632560815,0.008137588746222285,0.008040563773821681,4.387149974588076,0.0504506234533858,0.0,0.0,sand
0.027279577864113252,0.004801573339549953,0.041440963361162146,0.024802400684631482,0.004488289711596451,0.03722138035566041,5.3208743941311605,4.328035318138377,0.7569559512905576,0.28455608474220895,0.008581435451369848,0.008608126874212382,4.38491865875095,0.046517425049038656,0.0,0.0,sand
0.026217932639387462,0.004497443219025656,0.03908506092631625,0.02448081113492327,0.004666042021195623,0.03722138035566041,5.1962449399484525,4.789356433535735,0.7779958665166845,0.2547372527513703,0.008759969314396498,0.01047891816124591,4.3875180719475955,0.044740065811863815,0.0,0.0,sand
0.02570810535017395,0.004597298019504027,0.03908506092631625,0.024938095360920124,0.005114037705915818,0.03722138035566041,5.854148784193359,5.051371608389026,0.7855192627108605,0.2725134190683434,0.009950360159055312,0.011628839978959384,4.38167397103499,0.0446984156545136,0.0,0.0,sand
0.0260295161003481,0.004858792529843376,0.04216820012218308,0.025448996063756463,0.006082388165836778,0.037366865946910646,6.374467088164899,5.713905213497079,0.7376217060304048,0.2208163247328499,0.010543608745173502,0.01190994064894357,4.38058046283801,0.0512477395559818,0.0,0.0,sand
0.02583914808702594,0.005026067530109095,0.04216820012218308,0.025524362414911485,0.006258779965043234,0.038944539712266274,6.748936606564281,5.7037942365006895,0.7184306787480453,0.18699464736133217,0.010040948034461449,0.009016336417192097,4.392898985092513,0.056198439444070984,0.0,0.0,sand
0.025914467997779533,0.005448123658152462,0.04476671067864872,0.02584293703831612,0.006352614724745948,0.038944539712266274,6.364076288773451,6.133287877882304,0.682045055983726,0.17004337399811978,0.010191542581900784,0.0075885290705270565,4.400297569763015,0.054227315445290476,0.0,0.0,sand
0.026830687369322287,0.008337529662134887,0.07317688204967009,0.025800195705639274,0.006741321885419012,0.04153019642358424,5.694029055786877,6.28161144078385,1.0686455714644552,0.10276041888177918,0.010573035242552657,0.014224385477093128,4.407442798838746,0.05173319240232718,0.0,0.0,sand
0.028512283584643385,0.015314494464475272,0.11765840791923118,0.02559383426042796,0.005814287707248165,0.04153019642358424,4.847929511198205,6.064714157421253,1.2432714762937263,0.14996890739786214,0.011733913427884043,0.02115929406628259,4.411588418056057,0.04426101030583283,0.0,0.0,sand
0.02870790755201936,0.0152402938025504,0.11765840791923118,0.024860535493568005,0.0052895683056624,0.04153019642358424,4.2645000003410125,6.125962218508097,1.2745372420078054,0.26391636626166165,0.01234536487653454,0.021799571740863617,4.408622854528285,0.03927374597212248,0.0,0.0,sand
0.02897450998903261,0.015298582624813038,0.11765840791923118,0.023791540321180322,0.005547449256003496,0.04153019642358424,4.187289110186213,5.795014625658264,1.253029987026085,0.32324875759870436,0.013050205352293651,0.02205227624158947,4.407954713761997,0.03808852997710293,0.0,0.0,sand
0.027971390552082635,0.014016976750902268,0.11765840791923118,0.02389530851453065,0.004848745130942965,0.03382643313297652,4.724916241024317,5.72813845776269,0.9215341382277052,0.3573567074307589,0.013049641478143333,0.014257560240023424,4.394130445348829,0.04603685766986798,0.0,0.0,sand
0.026051879524516302,0.005066451480321026,0.05122379590098595,0.024277875815798648,0.004964878424841947,0.03382643313297652,5.238591702229291,5.260240261316945,0.62830148850047,0.40891379247462,0.010061556054171092,0.007934528200111805,4.396378405093638,0.046748484408009446,0.0,0.0,sand
0.024510629013301154,0.0056230174052345865,0.05122379590098595,0.024121463449523133,0.005656280534781114,0.03542112232124675,5.477745478633236,5.526507168318486,0.6033258542339346,0.45367901302001123,0.00945485764091411,0.010544211154035288,4.398010399553589,0.05139369485559551,0.0,0.0,sand
0.024064795724001633,0.004515418815256869,0.03261644309797197,0.025242740204993164,0.005057367064027938,0.03542112232124675,6.212047934511428,5.11645674997028,0.5777502978288472,0.43338858899253635,0.008568589188944865,0.013575075159840974,4.395107886574343,0.056404762142460305,0.0,0.0,sand
0.025336256907152296,0.005034327493908281,0.036810352338570065,0.025039549282208032,0.005119256082494704,0.03542112232124675,6.384909957327209,5.244266636364788,0.6283680011100582,0.4391041149865324,0.00799066756720547,0.016414450358565418,4.407718199349868,0.05277373363734564,0.0,0.0,sand
0.025797297839093687,0.006109859875993153,0.04686456787764591,0.024216042845423114,0.0058435995234603,0.047024071946853166,6.310896763862717,5.421602133141343,0.673303440280348,0.3606074010563043,0.008460810201453397,0.019500140766924773,4.414614536891061,0.05579162804830609,0.0,0.0,sand
0.028761477004703086,0.0168121270015618,0.1559486207881392,0.024453764247636116,0.005958884019551362,0.047024071946853166,6.773957014230308,5.20071031267937,0.784974609223632,0.2861396431053454,0.008476549182733335,0.02191766495240253,4.4148059533928175,0.05837344110091202,0.0,0.0,sand
0.02870803348947666,0.016983222431273513,0.1559486207881392,0.024991040192554208,0.006199934132133924,0.047024071946853166,6.289102177928808,5.45162815647735,0.7939177880721578,0.3568600601215306,0.00869217465823532,0.018963531119042115,4.423505019678324,0.054270881728631044,0.0,0.0,sand
0.027939185689778278,0.01722452193019147,0.1559486207881392,0.024901712014349202,0.005920604702336858,0.047024071946853166,6.174418253430577,6.170845134251542,0.7627484773650007,0.38840547619597116,0.009485784909619252,0.01593534860017995,4.426170959966442,0.05461914066403438,0.0,0.0,sand
0.026680006814951016,0.017289554561270515,0.1559486207881392,0.025009276602041854,0.005054258530236745,0.03630092525309454,5.882970762406799,6.4350110043917335,0.792472411165132,0.3880551942216125,0.010000101465007608,0.012835007829178548,4.425560442956383,0.05168430511045925,0.0,0.0,sand
0.024595104633831733,0.006034479379094016,0.04156760632689111,0.024489273103495225,0.004357005451939107,0.03630092525309454,5.585221026050337,6.823642898024671,0.7074843286011652,0.36569733641509683,0.010503959188365981,0.01050869140682375,4.423920315005155,0.04748598597387182,0.0,0.0,sand
0.024833500654438116,0.006534670027998892,0.04425529299768323,0.024632765968325372,0.005127123568646874,0.05653196107790679,6.034437843959142,7.31317772156142,0.7911368963995037,0.3020807025599808,0.011401608526489219,0.011602553175994375,4.42309187718926,0.050556992097887145,0.0,0.0,sand
0.024657564766264434,0.007019219056983143,0.05641073770425645,0.02510197255859708,0.00570561574840092,0.05653196107790679,5.6858893314194665,7.154491987976976,0.8767608941069064,0.3692901617265737,0.01094081712950103,0.021362942395305073,4.419755085972219,0.0468181338741204,0.0,0.0,sand
0.02446448342460679,0.00644515560154411,0.05641073770425645,0.025857330049625264,0.005668886088449302,0.05653196107790679,5.998606710067078,6.884255903618191,0.8270019551378925,0.4969307297552882,0.01312279545810642,0.03239840510289776,4.415863763530702,0.04718392213494922,0.0,0.0,sand
0.024841592126778146,0.006375183172361236,0.05641073770425645,0.026033828390618196,0.005644588389180266,0.05653196107790679,5.705252626769791,6.491710567653841,0.8122927357878857,0.5735435540155991,0.016378541344690307,0.04425010676852632,4.416456508548462,0.04736591590179818,0.0,0.0,sand
0.026828808925239728,0.012564060329139325,0.1255088560585595,0.025603004104429665,0.004952026561064095,0.042263572984005744,5.398863516721326,6.062817285920704,0.833766096895752,0.5980072910651987,0.017329578306861104,0.05650127760977714,4.398907479484611,0.051092247925022316,0.0,0.0,sand
0.02784908716102209,0.012072100398471508,0.1255088560585595,0.025329709748003353,0.004592929480351052,0.042263572984005744,5.505110389448729,5.291255550588211,0.7710971410715568,0.5858841762622308,0.01873149284775878,0.05030111931350349,4.388048130074964,0.05401944293332379,0.0,0.0,sand
0.029656016091315022,0.011654193544953673,0.1255088560585595,0.024879437341885094,0.00471338725517004,0.042263572984005744,5.222313336529337,5.747801313134844,0.7841252429188943,0.5007186056123877,0.01660244256848113,0.04406567578138162,4.376153343028499,0.050605221021094,0.0,0.0,sand
0.03136326508834368,0.011717140651040882,0.1255088560585595,0.025903608267940106,0.005201945068529687,0.046544096330152836,5.611300204781201,6.248579814817763,0.835518593236279,0.4404371264867615,0.014286733903254507,0.035446846110807506,4.365565729601831,0.04750208181094485,0.0,0.0,sand
0.02940824450481154,0.005057627240673791,0.054336025693557846,0.025986704765664843,0.004845014133093755,0.046544096330152836,5.574399972075461,6.067081039531909,0.7676339894394141,0.40994995500810055,0.014813695143138895,0.031151592701405165,4.369389149552804,0.04915823363225593,0.0,0.0,sand
0.029816659041827134,0.004778484196795229,0.054336025693557846,0.026394451896277246,0.004592356905976961,0.046544096330152836,5.74638056018192,6.151813986563276,0.7733907691026312,0.33281179611820144,0.016458172456338422,0.0380566594145543,4.371694391815935,0.04906374485246898,0.0,0.0,sand
0.029907147919954462,0.0044713010394801635,0.054336025693557846,0.026645198611060354,0.00433957803578369,0.046544096330152836,5.580708943726306,5.750209724429119,0.7891780071348378,0.31587926743615674,0.017840937685934193,0.0408089052896589,4.372947471514026,0.048070744297363605,0.0,0.0,sand
0.029175419546973762,0.003192621525690957,0.04320166095324891,0.026461474499180834,0.0033378898369463388,0.033518636207210864,5.440559592017048,5.696789507899039,0.6974991937022995,0.258391158448741,0.017068630825117222,0.041482294177217126,4.378045823377877,0.0465931381842155,0.0,0.0,sand
