s,x,y,psi
0.0000,0.0000,0.0000,0.000000
0.2500,0.2500,0.0000,-0.000000
0.5000,0.5000,0.0000,0.000000
0.7500,0.7500,0.0000,-0.000000
1.0000,1.0000,0.0000,0.000000
1.2500,1.2500,0.0000,-0.000000
1.5000,1.5000,0.0000,0.000000
1.7500,1.7500,0.0000,-0.000000
2.0000,2.0000,0.0000,0.000000
2.2500,2.2500,0.0000,-0.000000
2.5000,2.5000,0.0000,0.000000
2.7500,2.7500,0.0000,-0.000000
3.0000,3.0000,0.0000,0.000000
3.2500,3.2500,0.0000,-0.000000
3.5000,3.5000,0.0000,0.000000
3.7500,3.7500,0.0000,-0.000000
4.0000,4.0000,0.0000,0.000000
4.2500,4.2500,0.0000,-0.000000
4.5000,4.5000,0.0000,0.000000
4.7500,4.7500,0.0000,-0.000000
5.0000,5.0000,0.0000,0.000000
5.2500,5.2500,0.0000,-0.000000
5.5000,5.5000,0.0000,0.000000
5.7500,5.7500,0.0000,-0.000000
6.0000,6.0000,0.0000,0.000000
6.2500,6.2500,0.0000,-0.000001
6.5000,6.5000,0.0000,0.000002
6.7500,6.7500,0.0000,-0.000009
7.0000,7.0000,0.0000,0.000034
7.2500,7.2500,0.0000,-0.000125
7.5000,7.5000,0.0000,0.000467
7.7500,7.7500,0.0000,-0.001742
8.0000,8.0000,0.0000,0.006501
8.2501,8.2500,0.0055,0.042103
8.5006,8.5000,0.0218,0.085759
8.7520,8.7500,0.0481,0.124107
9.0045,9.0000,0.0840,0.160638
9.2585,9.2500,0.1289,0.194380
9.5142,9.5000,0.1822,0.225596
9.7716,9.7500,0.2435,0.254250
10.0308,10.0000,0.3120,0.280412
10.2919,10.2500,0.3873,0.304137
10.5548,10.5000,0.4688,0.325496
10.8195,10.7500,0.5558,0.344559
11.0860,11.0000,0.6480,0.361398
11.3540,11.2500,0.7447,0.376081
11.6235,11.5000,0.8452,0.388669
11.8943,11.7500,0.9492,0.399221
12.1661,12.0000,1.0560,0.407785
12.4388,12.2500,1.1650,0.414402
12.7123,12.5000,1.2758,0.419106
12.9861,12.7500,1.3876,0.421918
13.2603,13.0000,1.5000,0.422854
13.5344,13.2500,1.6124,0.421918
13.8082,13.5000,1.7243,0.419106
14.0817,13.7500,1.8350,0.414402
14.3544,14.0000,1.9440,0.407785
14.6262,14.2500,2.0508,0.399221
14.8970,14.5000,2.1547,0.388669
15.1665,14.7500,2.2553,0.376081
15.4345,15.0000,2.3520,0.361398
15.7010,15.2500,2.4442,0.344559
15.9657,15.5000,2.5312,0.325496
16.2286,15.7500,2.6127,0.304137
16.4897,16.0000,2.6880,0.280412
16.7490,16.2500,2.7565,0.254250
17.0063,16.5000,2.8177,0.225596
17.2620,16.7500,2.8711,0.194380
17.5160,17.0000,2.9160,0.160638
17.7685,17.2500,2.9519,0.124107
18.0199,17.5000,2.9783,0.085759
18.2704,17.7500,2.9945,0.042103
18.5205,18.0000,3.0000,0.006501
18.7705,18.2500,3.0000,-0.001742
19.0205,18.5000,3.0000,0.000467
19.2705,18.7500,3.0000,-0.000125
19.5205,19.0000,3.0000,0.000034
19.7705,19.2500,3.0000,-0.000009
20.0205,19.5000,3.0000,0.000002
20.2705,19.7500,3.0000,-0.000001
20.5205,20.0000,3.0000,0.000000
20.7705,20.2500,3.0000,-0.000000
21.0205,20.5000,3.0000,0.000000
21.2705,20.7500,3.0000,-0.000000
21.5205,21.0000,3.0000,0.000000
21.7705,21.2500,3.0000,-0.000000
22.0205,21.5000,3.0000,0.000000
22.2705,21.7500,3.0000,-0.000000
22.5205,22.0000,3.0000,0.000000
22.7705,22.2500,3.0000,-0.000000
23.0205,22.5000,3.0000,0.000000
23.2705,22.7500,3.0000,-0.000000
23.5205,23.0000,3.0000,-0.000000
23.7705,23.2500,3.0000,0.000000
24.0205,23.5000,3.0000,-0.000000
24.2705,23.7500,3.0000,0.000000
24.5205,24.0000,3.0000,-0.000000
24.7705,24.2500,3.0000,0.000000
25.0205,24.5000,3.0000,-0.000000
25.2705,24.7500,3.0000,0.000000
25.5205,25.0000,3.0000,-0.000000
25.7705,25.2500,3.0000,0.000000
26.0205,25.5000,3.0000,-0.000000
26.2705,25.7500,3.0000,0.000000
26.5205,26.0000,3.0000,-0.000000
26.7705,26.2500,3.0000,0.000001
27.0205,26.5000,3.0000,-0.000002
27.2705,26.7500,3.0000,0.000009
27.5205,27.0000,3.0000,-0.000034
27.7705,27.2500,3.0000,0.000125
28.0205,27.5000,3.0000,-0.000467
28.2705,27.7500,3.0000,0.001742
28.5205,28.0000,3.0000,-0.006501
28.7706,28.2500,2.9945,-0.042103
29.0211,28.5000,2.9783,-0.085759
29.2725,28.7500,2.9519,-0.124107
29.5250,29.0000,2.9160,-0.160638
29.7790,29.2500,2.8711,-0.194380
30.0347,29.5000,2.8178,-0.225596
30.2921,29.7500,2.7565,-0.254250
30.5513,30.0000,2.6880,-0.280412
30.8124,30.2500,2.6127,-0.304137
31.0753,30.5000,2.5312,-0.325496
31.3400,30.7500,2.4442,-0.344559
31.6065,31.0000,2.3520,-0.361398
31.8745,31.2500,2.2553,-0.376081
32.1440,31.5000,2.1547,-0.388669
32.4148,31.7500,2.0508,-0.399221
32.6866,32.0000,1.9440,-0.407785
32.9593,32.2500,1.8350,-0.414402
33.2328,32.5000,1.7242,-0.419106
33.5066,32.7500,1.6124,-0.421918
33.7808,33.0000,1.5000,-0.422854
34.0549,33.2500,1.3876,-0.421918
34.3287,33.5000,1.2757,-0.419106
34.6022,33.7500,1.1650,-0.414402
34.8749,34.0000,1.0560,-0.407785
35.1468,34.2500,0.9492,-0.399221
35.4175,34.5000,0.8452,-0.388669
35.6870,34.7500,0.7447,-0.376081
35.9550,35.0000,0.6480,-0.361398
36.2215,35.2500,0.5558,-0.344559
36.4862,35.5000,0.4688,-0.325496
36.7491,35.7500,0.3873,-0.304137
37.0102,36.0000,0.3120,-0.280412
37.2695,36.2500,0.2435,-0.254250
37.5268,36.5000,0.1823,-0.225596
37.7825,36.7500,0.1289,-0.194380
38.0365,37.0000,0.0840,-0.160638
38.2890,37.2500,0.0481,-0.124107
38.5404,37.5000,0.0217,-0.085759
38.7909,37.7500,0.0055,-0.042103
39.0410,38.0000,0.0000,-0.006501
39.2910,38.2500,0.0000,0.001742
39.5410,38.5000,0.0000,-0.000467
39.7910,38.7500,0.0000,0.000125
40.0410,39.0000,0.0000,-0.000034
40.2910,39.2500,0.0000,0.000009
40.5410,39.5000,0.0000,-0.000002
40.7910,39.7500,0.0000,0.000001
41.0410,40.0000,0.0000,-0.000000
41.2910,40.2500,0.0000,0.000000
41.5410,40.5000,0.0000,-0.000000
41.7910,40.7500,0.0000,0.000000
42.0410,41.0000,0.0000,-0.000000
42.2910,41.2500,0.0000,0.000000
42.5410,41.5000,0.0000,-0.000000
42.7910,41.7500,0.0000,0.000000
43.0410,42.0000,0.0000,-0.000000
43.2910,42.2500,0.0000,0.000000
43.5410,42.5000,0.0000,-0.000000
43.7910,42.7500,0.0000,0.000000
44.0410,43.0000,0.0000,-0.000000
44.2910,43.2500,0.0000,0.000000
44.5410,43.5000,0.0000,-0.000000
44.7910,43.7500,0.0000,0.000000
45.0410,44.0000,0.0000,-0.000000
45.2910,44.2500,0.0000,0.000000
45.5410,44.5000,0.0000,-0.000000
45.7910,44.7500,0.0000,0.000000
46.0410,45.0000,0.0000,-0.000000
46.2910,45.2500,0.0000,0.000000
46.5410,45.5000,0.0000,-0.000000
46.7910,45.7500,0.0000,0.000000
47.0410,46.0000,0.0000,-0.000000
47.2910,46.2500,0.0000,0.000000
47.5410,46.5000,0.0000,-0.000000
47.7910,46.7500,0.0000,0.000000
48.0410,47.0000,0.0000,-0.000000
48.2910,47.2500,0.0000,0.000000
48.5410,47.5000,0.0000,-0.000000
48.7910,47.7500,0.0000,0.000000
49.0410,48.0000,0.0000,-0.000000
49.2910,48.2500,0.0000,0.000000
49.5410,48.5000,0.0000,-0.000000
49.7910,48.7500,0.0000,0.000000
50.0410,49.0000,0.0000,-0.000000
50.2910,49.2500,0.0000,0.000000
50.5410,49.5000,0.0000,-0.000000
50.7910,49.7500,0.0000,0.000000
51.0410,50.0000,0.0000,-0.000000
51.2910,50.2500,0.0000,0.000000
51.5410,50.5000,0.0000,-0.000000
51.7910,50.7500,0.0000,0.000000
52.0410,51.0000,0.0000,-0.000000
52.2910,51.2500,0.0000,0.000000
52.5410,51.5000,0.0000,-0.000000
52.7910,51.7500,0.0000,0.000000
53.0410,52.0000,0.0000,-0.000000
53.2910,52.2500,0.0000,0.000000
53.5410,52.5000,0.0000,-0.000000
53.7910,52.7500,0.0000,0.000000
54.0410,53.0000,0.0000,-0.000000
54.2910,53.2500,0.0000,0.000000
54.5410,53.5000,0.0000,-0.000000
54.7910,53.7500,0.0000,0.000000
55.0410,54.0000,0.0000,-0.000000
55.2910,54.2500,0.0000,0.000000
55.5410,54.5000,0.0000,-0.000000
55.7910,54.7500,0.0000,0.000000
56.0410,55.0000,0.0000,-0.000000
56.2910,55.2500,0.0000,0.000000
56.5410,55.5000,0.0000,-0.000000
56.7910,55.7500,0.0000,0.000000
57.0410,56.0000,0.0000,-0.000000
57.2910,56.2500,0.0000,0.000000
57.5410,56.5000,0.0000,-0.000000
57.7910,56.7500,0.0000,0.000000
58.0410,57.0000,0.0000,-0.000000
58.2910,57.2500,0.0000,0.000000
58.5410,57.5000,0.0000,-0.000000
58.7910,57.7500,0.0000,0.000000
59.0410,58.0000,0.0000,-0.000000
59.2910,58.2500,0.0000,0.000000
59.5410,58.5000,0.0000,-0.000000
59.7910,58.7500,0.0000,0.000000
60.0410,59.0000,0.0000,-0.000000
60.2910,59.2500,0.0000,0.000000
60.5410,59.5000,0.0000,-0.000000
60.7910,59.7500,0.0000,0.000000
61.0410,60.0000,0.0000,-0.000000
61.2910,60.2500,0.0000,0.000000
61.5410,60.5000,0.0000,-0.000000
61.7910,60.7500,0.0000,0.000000
62.0410,61.0000,0.0000,-0.000000
62.2910,61.2500,0.0000,0.000000
62.5410,61.5000,0.0000,-0.000000
62.7910,61.7500,0.0000,0.000000
63.0410,62.0000,0.0000,-0.000000
63.2910,62.2500,0.0000,0.000000
63.5410,62.5000,0.0000,-0.000000
63.7910,62.7500,0.0000,0.000000
64.0410,63.0000,0.0000,-0.000000
64.2910,63.2500,0.0000,0.000000
64.5410,63.5000,0.0000,-0.000000
64.7910,63.7500,0.0000,0.000000
65.0410,64.0000,0.0000,-0.000000
65.2910,64.2500,0.0000,0.000000
65.5410,64.5000,0.0000,-0.000000
65.7910,64.7500,0.0000,0.000000
66.0410,65.0000,0.0000,-0.000000
66.2910,65.2500,0.0000,0.000000
66.5410,65.5000,0.0000,-0.000000
66.7910,65.7500,0.0000,0.000000
67.0410,66.0000,0.0000,-0.000000
67.2910,66.2500,0.0000,0.000000
67.5410,66.5000,0.0000,-0.000000
67.7910,66.7500,0.0000,0.000000
68.0410,67.0000,0.0000,-0.000000
68.2910,67.2500,0.0000,0.000000
68.5410,67.5000,0.0000,-0.000000
68.7910,67.7500,0.0000,0.000000
69.0410,68.0000,0.0000,-0.000000
69.2910,68.2500,0.0000,0.000000
69.5410,68.5000,0.0000,-0.000000
69.7910,68.7500,0.0000,0.000000
70.0410,69.0000,0.0000,-0.000000
70.2910,69.2500,0.0000,0.000000
70.5410,69.5000,0.0000,-0.000000
70.7910,69.7500,0.0000,0.000000
71.0410,70.0000,0.0000,-0.000000
71.2910,70.2500,0.0000,0.000000
71.5410,70.5000,0.0000,-0.000000
71.7910,70.7500,0.0000,0.000000
72.0410,71.0000,0.0000,-0.000000
72.2910,71.2500,0.0000,0.000000
72.5410,71.5000,0.0000,-0.000000
72.7910,71.7500,0.0000,0.000000
73.0410,72.0000,0.0000,-0.000000
73.2910,72.2500,0.0000,0.000000
73.5410,72.5000,0.0000,-0.000000
73.7910,72.7500,0.0000,0.000000
74.0410,73.0000,0.0000,-0.000000
74.2910,73.2500,0.0000,0.000000
74.5410,73.5000,0.0000,-0.000000
74.7910,73.7500,0.0000,0.000000
75.0410,74.0000,0.0000,-0.000000
75.2910,74.2500,0.0000,0.000000
75.5410,74.5000,0.0000,-0.000000
75.7910,74.7500,0.0000,0.000000
76.0410,75.0000,0.0000,-0.000000
76.2910,75.2500,0.0000,0.000000
76.5410,75.5000,0.0000,-0.000000
76.7910,75.7500,0.0000,0.000000
77.0410,76.0000,0.0000,-0.000000
77.2910,76.2500,0.0000,0.000000
77.5410,76.5000,0.0000,-0.000000
77.7910,76.7500,0.0000,0.000000
78.0410,77.0000,0.0000,-0.000000
78.2910,77.2500,0.0000,0.000000
78.5410,77.5000,0.0000,-0.000000
78.7910,77.7500,0.0000,0.000000
79.0410,78.0000,0.0000,-0.000000
